TimeStamp,Current (mA),Voltage (V),Power (W),kWh per 1 Minute,Cost per 1 Minute (BDT)
11/26/2023 23:58,213,241.4,25.3,0.000421667,0.0037191
11/26/2023 23:48,156,238.7,19.1,0.000318333,0.0028077
11/26/2023 23:43,123,236.9,15.2,0.000253333,0.0022344
11/26/2023 23:39,137,238.7,16.9,0.000281667,0.0024843
11/26/2023 23:38,290,238.2,36.1,0.000601667,0.0053067
11/26/2023 23:36,208,239.1,21.1,0.000351667,0.0031017
11/26/2023 23:35,219,240.5,31.6,0.000526667,0.0046452
11/26/2023 23:34,134,238.2,15.4,0.000256667,0.0022638
11/26/2023 23:33,202,240.5,29.5,0.000491667,0.0043365
11/26/2023 23:32,130,239.1,16.4,0.000273333,0.0024108
11/26/2023 23:31,212,240,29,0.000483333,0.004263
11/26/2023 23:30,189,239.6,23.1,0.000385,0.0033957
11/26/2023 23:29,156,240.5,24.4,0.000406667,0.0035868
11/26/2023 23:28,338,239.6,50.5,0.000841667,0.0074235
11/26/2023 23:27,345,239.6,46.5,0.000775,0.0068355
11/26/2023 23:20,119,240.9,12.9,0.000215,0.0018963
11/26/2023 23:19,126,238.7,13.7,0.000228333,0.0020139
11/26/2023 23:17,135,239.1,14.6,0.000243333,0.0021462
11/26/2023 23:16,235,240,28.8,0.00048,0.0042336
11/26/2023 23:15,188,239.6,23.2,0.000386667,0.0034104
11/26/2023 23:12,234,238.2,34.8,0.00058,0.0051156
11/26/2023 23:11,218,237.8,28.2,0.00047,0.0041454
11/26/2023 23:10,154,238.2,19.5,0.000325,0.0028665
11/26/2023 23:09,275,238.7,48.3,0.000805,0.0071001
11/26/2023 23:08,165,238.2,21.7,0.000361667,0.0031899
11/26/2023 23:07,196,239.1,27.8,0.000463333,0.0040866
11/26/2023 23:06,203,238.7,20.7,0.000345,0.0030429
11/26/2023 23:05,141,238.2,19.1,0.000318333,0.0028077
11/26/2023 23:04,230,238.7,29.3,0.000488333,0.0043071
11/26/2023 23:02,195,239.1,23.3,0.000388333,0.0034251
11/26/2023 23:01,139,237.4,16.6,0.000276667,0.0024402
11/26/2023 22:59,206,237.8,37.6,0.000626667,0.0055272
11/26/2023 22:58,199,238.2,26.1,0.000435,0.0038367
11/26/2023 22:57,208,237.8,25,0.000416667,0.003675
11/26/2023 22:56,355,239.1,50,0.000833333,0.00735
11/26/2023 22:53,198,237.8,23,0.000383333,0.003381
11/26/2023 22:52,133,238.2,14.2,0.000236667,0.0020874
11/26/2023 22:51,310,239.1,41.5,0.000691667,0.0061005
11/26/2023 22:50,189,237.4,21.1,0.000351667,0.0031017
11/26/2023 22:49,237,238.2,32.8,0.000546667,0.0048216
11/26/2023 22:48,198,237.8,30,0.0005,0.00441
11/26/2023 22:47,285,236.9,39.4,0.000656667,0.0057918
11/26/2023 22:44,158,238.2,20.8,0.000346667,0.0030576
11/26/2023 22:43,220,237.8,27.2,0.000453333,0.0039984
11/26/2023 22:42,152,238.2,19.1,0.000318333,0.0028077
11/26/2023 22:41,163,236.9,18.9,0.000315,0.0027783
11/26/2023 22:39,150,237.4,18,0.0003,0.002646
11/26/2023 22:38,205,235.6,25.7,0.000428333,0.0037779
11/26/2023 22:37,154,236.5,18.6,0.00031,0.0027342
11/26/2023 22:34,237,236.9,39.4,0.000656667,0.0057918
11/26/2023 22:32,163,237.8,18.8,0.000313333,0.0027636
11/26/2023 22:31,169,238.2,27.8,0.000463333,0.0040866
11/26/2023 22:30,152,237.8,24.5,0.000408333,0.0036015
11/26/2023 22:28,200,238.2,26.5,0.000441667,0.0038955
11/26/2023 22:27,232,238.7,28.2,0.00047,0.0041454
11/26/2023 22:26,158,236.5,22.9,0.000381667,0.0033663
11/26/2023 22:25,246,236.9,34.5,0.000575,0.0050715
11/26/2023 22:23,151,238.2,19.2,0.00032,0.0028224
11/26/2023 22:21,226,236.9,28.2,0.00047,0.0041454
11/26/2023 22:20,153,237.4,19.2,0.00032,0.0028224
11/26/2023 22:19,229,237.8,25.5,0.000425,0.0037485
11/26/2023 22:18,233,236.9,34.8,0.00058,0.0051156
11/26/2023 22:17,176,238.2,20.8,0.000346667,0.0030576
11/26/2023 22:15,207,238.7,26.7,0.000445,0.0039249
11/26/2023 22:14,309,236.5,47.4,0.00079,0.0069678
11/26/2023 22:12,260,236.9,32.6,0.000543333,0.0047922
11/26/2023 22:11,276,238.7,35.5,0.000591667,0.0052185
11/26/2023 22:07,246,239.6,33.9,0.000565,0.0049833
11/26/2023 22:06,262,239.1,36.4,0.000606667,0.0053508
11/26/2023 22:03,269,240,41.6,0.000693333,0.0061152
11/26/2023 22:01,292,239.6,41.2,0.000686667,0.0060564
11/26/2023 22:00,217,239.6,41.4,0.00069,0.0060858
11/26/2023 21:59,323,237.8,43.8,0.00073,0.0064386
11/26/2023 21:58,285,236.9,38.7,0.000645,0.0056889
11/26/2023 21:57,211,235.2,30.4,0.000506667,0.0044688
11/26/2023 21:56,212,237.4,40.2,0.00067,0.0059094
11/26/2023 21:55,370,236.9,54,0.0009,0.007938
11/26/2023 21:52,199,237.8,38.6,0.000643333,0.0056742
11/26/2023 21:50,292,238.2,29.6,0.000493333,0.0043512
11/26/2023 21:48,356,236.9,38.6,0.000643333,0.0056742
11/26/2023 21:46,256,236.5,34.2,0.00057,0.0050274
11/26/2023 21:45,365,237.4,53,0.000883333,0.007791
11/26/2023 21:44,250,233.9,32.5,0.000541667,0.0047775
11/26/2023 21:42,236,237.4,34.3,0.000571667,0.0050421
11/26/2023 21:41,249,237.8,36.1,0.000601667,0.0053067
11/26/2023 21:39,269,233.9,30.7,0.000511667,0.0045129
11/26/2023 21:35,365,235.6,54.6,0.00091,0.0080262
11/26/2023 21:33,233,234.4,36,0.0006,0.005292
11/26/2023 21:31,212,233.1,28.3,0.000471667,0.0041601
11/26/2023 21:30,257,233.9,36.4,0.000606667,0.0053508
11/26/2023 21:28,291,232.7,42.1,0.000701667,0.0061887
11/26/2023 21:27,359,234.4,53.2,0.000886667,0.0078204
11/26/2023 21:26,306,231.8,43.6,0.000726667,0.0064092
11/26/2023 21:24,339,230.6,48.2,0.000803333,0.0070854
11/26/2023 21:23,243,233.5,35.7,0.000595,0.0052479
11/26/2023 21:22,260,233.5,34.4,0.000573333,0.0050568
11/26/2023 21:21,198,234.8,24.3,0.000405,0.0035721
11/26/2023 21:20,273,235.6,36.3,0.000605,0.0053361
11/26/2023 21:19,260,235.2,37.2,0.00062,0.0054684
11/26/2023 21:14,214,234.8,35,0.000583333,0.005145
11/26/2023 21:13,366,235.2,44.6,0.000743333,0.0065562
11/26/2023 21:06,171,236.1,22.2,0.00037,0.0032634
11/26/2023 21:03,216,235.6,20.7,0.000345,0.0030429
11/26/2023 21:02,238,237.4,29.9,0.000498333,0.0043953
11/26/2023 21:01,226,239.1,28.2,0.00047,0.0041454
11/26/2023 20:59,246,240,36,0.0006,0.005292
11/26/2023 20:54,176,236.5,27.7,0.000461667,0.0040719
11/26/2023 20:52,177,239.1,21.2,0.000353333,0.0031164
11/26/2023 20:49,189,237.8,22.6,0.000376667,0.0033222
11/26/2023 20:43,142,239.1,17.1,0.000285,0.0025137
11/26/2023 20:40,135,238.7,13.4,0.000223333,0.0019698
11/26/2023 20:39,173,238.2,23.8,0.000396667,0.0034986
11/26/2023 20:38,275,237.4,39.9,0.000665,0.0058653
11/26/2023 20:37,129,237.4,15.5,0.000258333,0.0022785
11/26/2023 20:36,187,238.2,19.6,0.000326667,0.0028812
11/26/2023 20:35,203,237.8,23.4,0.00039,0.0034398
11/26/2023 20:34,120,237.8,13.4,0.000223333,0.0019698
11/26/2023 20:32,113,235.2,14.2,0.000236667,0.0020874
11/26/2023 20:31,181,236.9,12.3,0.000205,0.0018081
11/26/2023 20:30,169,236.1,17.4,0.00029,0.0025578
11/26/2023 20:28,112,236.1,11.9,0.000198333,0.0017493
11/26/2023 20:27,264,236.5,35.2,0.000586667,0.0051744
11/26/2023 20:25,129,236.9,13.7,0.000228333,0.0020139
11/26/2023 20:24,137,235.6,15.2,0.000253333,0.0022344
11/26/2023 20:23,183,236.9,17.5,0.000291667,0.0025725
11/26/2023 20:22,130,236.1,13.6,0.000226667,0.0019992
11/26/2023 20:20,121,237.4,11.7,0.000195,0.0017199
11/26/2023 20:19,143,236.9,14.6,0.000243333,0.0021462
11/26/2023 20:18,169,235.6,22.1,0.000368333,0.0032487
11/26/2023 20:17,127,236.9,14.3,0.000238333,0.0021021
11/26/2023 20:16,134,237.8,16.4,0.000273333,0.0024108
11/26/2023 20:14,155,239.1,19.9,0.000331667,0.0029253
11/26/2023 20:13,171,237.8,26.2,0.000436667,0.0038514
11/26/2023 20:11,148,238.2,13.7,0.000228333,0.0020139
11/26/2023 20:10,178,236.9,30.5,0.000508333,0.0044835
11/26/2023 20:07,155,237.8,12.5,0.000208333,0.0018375
11/26/2023 20:06,181,238.2,20,0.000333333,0.00294
11/26/2023 20:05,407,236.5,48.1,0.000801667,0.0070707
11/26/2023 20:02,131,237.4,15.4,0.000256667,0.0022638
11/26/2023 20:01,233,236.9,29,0.000483333,0.004263
11/26/2023 20:00,279,238.7,35.4,0.00059,0.0052038
11/26/2023 19:59,145,236.5,18.3,0.000305,0.0026901
11/26/2023 19:58,168,237.8,29.9,0.000498333,0.0043953
11/26/2023 19:57,326,236.5,35.9,0.000598333,0.0052773
11/26/2023 19:55,142,237.8,18.2,0.000303333,0.0026754
11/26/2023 19:54,178,237.8,20.3,0.000338333,0.0029841
11/26/2023 19:53,254,238.7,35.5,0.000591667,0.0052185
11/26/2023 19:52,179,239.6,18.3,0.000305,0.0026901
11/26/2023 19:49,176,239.6,39.7,0.000661667,0.0058359
11/26/2023 19:48,308,240,33.3,0.000555,0.0048951
11/26/2023 19:47,262,240.9,33.3,0.000555,0.0048951
11/26/2023 19:46,300,240.5,35.4,0.00059,0.0052038
11/26/2023 19:44,168,240,14.3,0.000238333,0.0021021
11/26/2023 19:43,180,238.2,20.6,0.000343333,0.0030282
11/26/2023 19:42,262,240,32.2,0.000536667,0.0047334
11/26/2023 19:41,163,241.4,16.7,0.000278333,0.0024549
11/26/2023 19:40,272,240.5,34.8,0.00058,0.0051156
11/26/2023 19:39,193,240.9,22.7,0.000378333,0.0033369
11/26/2023 19:38,299,238.2,43.7,0.000728333,0.0064239
11/26/2023 19:34,157,238.2,13.2,0.00022,0.0019404
11/26/2023 18:34,120,239.1,13.5,0.000225,0.0019845
11/26/2023 18:02,124,236.1,16.3,0.000271667,0.0023961
11/26/2023 17:39,131,233.9,15,0.00025,0.002205
11/26/2023 17:33,245,233.1,32.9,0.000548333,0.0048363
11/26/2023 17:28,235,232.7,32.1,0.000535,0.0047187
11/26/2023 17:27,273,233.5,33.8,0.000563333,0.0049686
11/26/2023 16:21,251,233.1,39,0.00065,0.005733
11/26/2023 16:17,127,235.6,14.6,0.000243333,0.0021462
11/26/2023 16:16,132,236.9,15,0.00025,0.002205
11/26/2023 16:15,389,236.1,53.9,0.000898333,0.0079233
11/26/2023 16:14,155,236.9,14,0.000233333,0.002058
11/26/2023 16:13,190,236.9,26.6,0.000443333,0.0039102
11/26/2023 16:12,203,238.2,26.5,0.000441667,0.0038955
11/26/2023 16:11,265,237.4,34.7,0.000578333,0.0051009
11/26/2023 16:10,196,235.2,20.1,0.000335,0.0029547
11/26/2023 16:08,119,236.5,13.5,0.000225,0.0019845
11/26/2023 16:07,124,233.9,13.1,0.000218333,0.0019257
11/26/2023 16:06,166,236.1,15.7,0.000261667,0.0023079
11/26/2023 16:05,195,236.5,17.7,0.000295,0.0026019
11/26/2023 16:04,218,234.8,14,0.000233333,0.002058
11/26/2023 16:03,199,236.9,27.3,0.000455,0.0040131
11/26/2023 16:02,221,234.8,23.2,0.000386667,0.0034104
11/26/2023 16:01,156,236.1,16.5,0.000275,0.0024255
11/26/2023 15:59,230,233.9,30.7,0.000511667,0.0045129
11/26/2023 15:57,334,233.5,51.9,0.000865,0.0076293
11/26/2023 15:56,225,233.9,26.6,0.000443333,0.0039102
11/26/2023 15:55,177,235.2,19.5,0.000325,0.0028665
11/26/2023 15:52,116,235.6,12.8,0.000213333,0.0018816
11/26/2023 15:51,111,235.2,18.9,0.000315,0.0027783
11/26/2023 15:49,116,235.6,12.6,0.00021,0.0018522
11/26/2023 15:48,118,235.2,12.1,0.000201667,0.0017787
11/26/2023 15:47,145,235.6,12.9,0.000215,0.0018963
11/26/2023 15:46,123,233.5,14.3,0.000238333,0.0021021
11/26/2023 15:44,120,232.7,14,0.000233333,0.002058
11/26/2023 15:43,186,233.9,24.3,0.000405,0.0035721
11/26/2023 15:42,120,233.5,12.5,0.000208333,0.0018375
11/26/2023 15:41,123,233.5,12.6,0.00021,0.0018522
11/26/2023 15:40,200,233.1,22.6,0.000376667,0.0033222
11/26/2023 15:39,208,233.5,15.5,0.000258333,0.0022785
11/26/2023 15:38,173,233.9,21.6,0.00036,0.0031752
11/26/2023 15:37,165,233.9,18.5,0.000308333,0.0027195
11/26/2023 15:36,142,234.4,13.2,0.00022,0.0019404
11/26/2023 15:35,322,233.1,44.3,0.000738333,0.0065121
11/26/2023 15:34,215,234.4,24.4,0.000406667,0.0035868
11/26/2023 15:32,188,233.9,20.2,0.000336667,0.0029694
11/26/2023 15:29,128,231.8,14.3,0.000238333,0.0021021
11/26/2023 15:28,253,233.5,32.8,0.000546667,0.0048216
11/26/2023 15:27,217,233.9,26.8,0.000446667,0.0039396
11/26/2023 15:24,183,231.8,26.6,0.000443333,0.0039102
11/26/2023 15:22,121,232.2,14.3,0.000238333,0.0021021
11/26/2023 15:20,193,233.5,27.3,0.000455,0.0040131
11/26/2023 15:19,125,232.2,14.1,0.000235,0.0020727
11/26/2023 15:18,191,233.5,20.5,0.000341667,0.0030135
11/26/2023 15:17,128,233.5,14.4,0.00024,0.0021168
11/26/2023 15:16,127,233.1,14.6,0.000243333,0.0021462
11/26/2023 15:15,180,233.9,24.1,0.000401667,0.0035427
11/26/2023 15:14,127,235.2,14.4,0.00024,0.0021168
11/26/2023 15:13,192,233.9,23.3,0.000388333,0.0034251
11/26/2023 15:08,180,231.4,20.5,0.000341667,0.0030135
11/26/2023 15:06,133,231.8,14.8,0.000246667,0.0021756
11/26/2023 15:05,192,230.6,23,0.000383333,0.003381
11/26/2023 15:04,124,230.6,14,0.000233333,0.002058
11/26/2023 15:03,142,231.8,16.2,0.00027,0.0023814
11/26/2023 14:56,233,231,30.8,0.000513333,0.0045276
11/26/2023 14:55,273,231.4,36.9,0.000615,0.0054243
11/26/2023 14:53,304,231.8,36.5,0.000608333,0.0053655
11/26/2023 14:49,208,233.9,31.2,0.00052,0.0045864
11/26/2023 14:45,232,232.2,29,0.000483333,0.004263
11/26/2023 14:32,242,233.1,29.4,0.00049,0.0043218
11/26/2023 14:31,295,232.2,38.9,0.000648333,0.0057183
11/26/2023 14:27,240,232.7,29.7,0.000495,0.0043659
11/26/2023 14:15,263,233.1,36.1,0.000601667,0.0053067
11/26/2023 14:06,221,232.7,26.4,0.00044,0.0038808
11/26/2023 14:05,221,232.2,27.7,0.000461667,0.0040719
11/26/2023 14:04,334,233.5,40.2,0.00067,0.0059094
11/26/2023 13:47,230,234.4,28.9,0.000481667,0.0042483
11/26/2023 13:43,207,235.6,22.1,0.000368333,0.0032487
11/26/2023 13:40,227,234.8,25.1,0.000418333,0.0036897
11/26/2023 13:34,209,235.2,25.8,0.00043,0.0037926
11/26/2023 13:33,155,233.5,18.2,0.000303333,0.0026754
11/26/2023 13:30,244,231.4,32.6,0.000543333,0.0047922
11/26/2023 13:25,124,228.9,13.1,0.000218333,0.0019257
11/26/2023 13:24,121,228.9,13.5,0.000225,0.0019845
11/26/2023 13:21,154,226.5,18.3,0.000305,0.0026901
11/26/2023 13:18,177,231,20.6,0.000343333,0.0030282
11/26/2023 13:15,179,230.2,21.7,0.000361667,0.0031899
11/26/2023 13:09,281,231.4,35.3,0.000588333,0.0051891
11/26/2023 13:00,227,231.8,28.3,0.000471667,0.0041601
11/26/2023 12:59,265,232.2,33,0.00055,0.004851
11/26/2023 12:57,223,231.8,27.6,0.00046,0.0040572
11/26/2023 12:52,248,231,31.5,0.000525,0.0046305
11/26/2023 12:50,299,228.9,38.5,0.000641667,0.0056595
11/26/2023 12:34,126,231.8,17,0.000283333,0.002499
11/26/2023 12:17,130,229.3,14.2,0.000236667,0.0020874
11/26/2023 12:16,173,229.8,18.1,0.000301667,0.0026607
11/26/2023 12:13,149,230.2,16.4,0.000273333,0.0024108
11/26/2023 12:12,146,231,15,0.00025,0.002205
11/26/2023 12:08,145,230.2,16.3,0.000271667,0.0023961
11/26/2023 12:07,220,229.8,29.5,0.000491667,0.0043365
11/26/2023 12:05,164,232.2,17.4,0.00029,0.0025578
11/26/2023 12:02,141,230.2,15.7,0.000261667,0.0023079
11/26/2023 11:56,139,230.6,15,0.00025,0.002205
11/26/2023 11:55,290,232.7,50.7,0.000845,0.0074529
11/26/2023 11:42,258,231,30.4,0.000506667,0.0044688
11/26/2023 11:30,139,232.7,13.7,0.000228333,0.0020139
11/26/2023 11:24,128,233.9,14.3,0.000238333,0.0021021
11/26/2023 11:22,254,233.5,28.8,0.00048,0.0042336
11/26/2023 11:19,244,234.4,31.5,0.000525,0.0046305
11/26/2023 11:07,117,233.5,13.1,0.000218333,0.0019257
11/26/2023 11:05,113,234.8,12.5,0.000208333,0.0018375
11/26/2023 11:04,121,236.1,13.4,0.000223333,0.0019698
11/26/2023 11:03,116,233.5,13.4,0.000223333,0.0019698
11/26/2023 11:02,120,233.5,12.3,0.000205,0.0018081
11/26/2023 11:01,129,235.2,12.3,0.000205,0.0018081
11/26/2023 11:00,135,234.4,12.6,0.00021,0.0018522
11/26/2023 10:57,134,233.1,13.9,0.000231667,0.0020433
11/26/2023 10:49,125,233.9,13.7,0.000228333,0.0020139
11/26/2023 10:46,247,236.1,31.8,0.00053,0.0046746
11/26/2023 10:39,134,233.9,14.6,0.000243333,0.0021462
11/26/2023 10:34,251,231.8,31.5,0.000525,0.0046305
11/26/2023 10:23,134,235.2,16.8,0.00028,0.0024696
11/26/2023 10:21,129,235.6,15.4,0.000256667,0.0022638
11/26/2023 10:19,202,231.4,14.7,0.000245,0.0021609
11/26/2023 10:16,250,233.5,33.8,0.000563333,0.0049686
11/26/2023 10:14,212,235.2,29.4,0.00049,0.0043218
11/26/2023 10:10,121,236.5,12.9,0.000215,0.0018963
11/26/2023 10:08,111,236.1,12.5,0.000208333,0.0018375
11/26/2023 10:04,119,237.8,14.2,0.000236667,0.0020874
11/26/2023 9:58,132,239.6,14.2,0.000236667,0.0020874
11/26/2023 9:57,113,239.1,15.9,0.000265,0.0023373
11/26/2023 9:56,118,239.6,14,0.000233333,0.002058
11/26/2023 9:55,117,240,13.2,0.00022,0.0019404
11/26/2023 9:54,113,239.1,13.2,0.00022,0.0019404
11/26/2023 9:53,124,238.7,14.4,0.00024,0.0021168
11/26/2023 9:50,359,238.7,19.2,0.00032,0.0028224
11/26/2023 9:49,180,239.6,14.6,0.000243333,0.0021462
11/26/2023 9:48,109,239.1,12.2,0.000203333,0.0017934
11/26/2023 9:47,134,238.7,24.5,0.000408333,0.0036015
11/26/2023 9:46,250,234.8,32.4,0.00054,0.0047628
11/26/2023 9:45,112,236.5,12.1,0.000201667,0.0017787
11/26/2023 9:44,186,236.9,23.5,0.000391667,0.0034545
11/26/2023 9:43,165,237.8,20.8,0.000346667,0.0030576
11/26/2023 9:42,163,236.9,21,0.00035,0.003087
11/26/2023 9:41,168,236.5,21.3,0.000355,0.0031311
11/26/2023 9:40,168,235.6,23.1,0.000385,0.0033957
11/26/2023 9:39,173,234.4,20.7,0.000345,0.0030429
11/26/2023 9:38,181,237.4,21.6,0.00036,0.0031752
11/26/2023 9:37,174,236.9,23.1,0.000385,0.0033957
11/26/2023 9:36,177,236.1,21.3,0.000355,0.0031311
11/26/2023 9:35,170,235.2,20.9,0.000348333,0.0030723
11/26/2023 9:34,175,234.4,20.7,0.000345,0.0030429
11/26/2023 9:33,185,236.9,23,0.000383333,0.003381
11/26/2023 9:32,168,240,21.3,0.000355,0.0031311
11/26/2023 9:31,167,239.6,21.2,0.000353333,0.0031164
11/26/2023 9:30,183,239.6,23.1,0.000385,0.0033957
11/26/2023 9:29,175,236.5,21.4,0.000356667,0.0031458
11/26/2023 9:28,170,238.2,21.4,0.000356667,0.0031458
11/26/2023 9:26,168,239.1,23,0.000383333,0.003381
11/26/2023 9:25,217,240,27.1,0.000451667,0.0039837
11/26/2023 9:24,205,240.9,24.6,0.00041,0.0036162
11/26/2023 9:23,190,240.5,22.3,0.000371667,0.0032781
11/26/2023 9:22,175,240.5,23.4,0.00039,0.0034398
11/26/2023 9:21,175,241.8,22.2,0.00037,0.0032634
11/26/2023 9:20,181,240.5,22.7,0.000378333,0.0033369
11/26/2023 9:19,168,241.4,22.2,0.00037,0.0032634
11/26/2023 9:18,179,241.4,25.4,0.000423333,0.0037338
11/26/2023 9:17,226,240,32.2,0.000536667,0.0047334
11/26/2023 9:16,170,241.4,23.2,0.000386667,0.0034104
11/26/2023 9:15,165,240.5,22.3,0.000371667,0.0032781
11/26/2023 9:14,168,239.1,22.3,0.000371667,0.0032781
11/26/2023 9:13,236,239.6,32.3,0.000538333,0.0047481
11/26/2023 9:12,131,238.7,14.8,0.000246667,0.0021756
11/26/2023 9:11,121,239.6,14.2,0.000236667,0.0020874
11/26/2023 9:09,122,238.7,14.9,0.000248333,0.0021903
11/26/2023 9:08,134,237.4,16.8,0.00028,0.0024696
11/26/2023 9:07,125,236.9,24.4,0.000406667,0.0035868
11/26/2023 9:06,123,236.1,17.8,0.000296667,0.0026166
11/26/2023 9:05,122,239.6,14.9,0.000248333,0.0021903
11/26/2023 9:04,129,238.7,15.6,0.00026,0.0022932
11/26/2023 9:03,121,238.2,14.6,0.000243333,0.0021462
11/26/2023 9:02,123,238.2,16.1,0.000268333,0.0023667
11/26/2023 9:01,130,240.9,24,0.0004,0.003528
11/26/2023 9:00,130,240.9,21,0.00035,0.003087
11/26/2023 8:59,211,239.6,49.9,0.000831667,0.0073353
11/26/2023 8:58,142,240.9,21.4,0.000356667,0.0031458
11/26/2023 8:57,486,239.1,74,0.001233333,0.010878
11/26/2023 0:08,146,242.3,22.6,0.000376667,0.0033222
11/26/2023 0:07,248,240,36.5,0.000608333,0.0053655
11/26/2023 0:03,185,241.4,28.7,0.000478333,0.0042189
11/26/2023 0:02,244,240.9,40.7,0.000678333,0.0059829
11/26/2023 0:00,164,241.8,21.1,0.000351667,0.0031017
11/27/2023 23:05,301,243.2,38,0.000633333,0.005586
11/27/2023 23:03,201,241.8,31,0.000516667,0.004557
11/27/2023 22:53,245,242.7,33.4,0.000556667,0.0049098
11/27/2023 22:50,220,243.2,31.8,0.00053,0.0046746
11/27/2023 22:47,173,241.8,21.3,0.000355,0.0031311
11/27/2023 22:42,270,243.2,40.5,0.000675,0.0059535
11/27/2023 22:39,281,242.3,37.7,0.000628333,0.0055419
11/27/2023 22:35,200,243.7,24.7,0.000411667,0.0036309
11/27/2023 22:33,175,241.4,24.9,0.000415,0.0036603
11/27/2023 22:31,213,240.9,26.4,0.00044,0.0038808
11/27/2023 22:16,193,241.8,23.9,0.000398333,0.0035133
11/27/2023 22:10,303,242.7,46.5,0.000775,0.0068355
11/27/2023 22:08,286,243.2,40.7,0.000678333,0.0059829
11/27/2023 22:07,222,241.4,28.3,0.000471667,0.0041601
11/27/2023 22:06,334,241.8,52.9,0.000881667,0.0077763
11/27/2023 22:05,299,243.2,43.2,0.00072,0.0063504
11/27/2023 22:01,225,241.8,29.6,0.000493333,0.0043512
11/27/2023 22:00,161,243.7,19.6,0.000326667,0.0028812
11/27/2023 21:59,225,241.4,37.9,0.000631667,0.0055713
11/27/2023 21:58,277,241.8,37,0.000616667,0.005439
11/27/2023 21:57,242,241.4,32,0.000533333,0.004704
11/27/2023 21:56,365,243.2,48.8,0.000813333,0.0071736
11/27/2023 21:55,225,242.3,30.5,0.000508333,0.0044835
11/27/2023 21:50,191,244.1,28.3,0.000471667,0.0041601
11/27/2023 21:45,143,242.7,20.3,0.000338333,0.0029841
11/27/2023 21:44,217,245,30.4,0.000506667,0.0044688
11/27/2023 21:42,223,243.2,32.1,0.000535,0.0047187
11/27/2023 21:39,226,242.7,25.3,0.000421667,0.0037191
11/27/2023 21:36,208,242.7,25.4,0.000423333,0.0037338
11/27/2023 21:31,213,243.7,32.9,0.000548333,0.0048363
11/27/2023 21:23,254,240.9,32,0.000533333,0.004704
11/27/2023 21:22,225,243.2,35.7,0.000595,0.0052479
11/27/2023 21:17,236,241.8,31.8,0.00053,0.0046746
11/27/2023 21:16,266,240,37.6,0.000626667,0.0055272
11/27/2023 21:15,165,240.5,21.4,0.000356667,0.0031458
11/27/2023 21:10,262,238.7,38,0.000633333,0.005586
11/27/2023 21:05,244,240,33.9,0.000565,0.0049833
11/27/2023 20:58,351,241.4,52.8,0.00088,0.0077616
11/27/2023 20:56,285,243.2,40.4,0.000673333,0.0059388
11/27/2023 20:54,362,241.8,52.5,0.000875,0.0077175
11/27/2023 20:35,184,241.4,27.4,0.000456667,0.0040278
11/27/2023 20:27,186,242.3,24.7,0.000411667,0.0036309
11/27/2023 20:22,143,241.4,15.1,0.000251667,0.0022197
11/27/2023 20:21,277,243.2,45.2,0.000753333,0.0066444
11/27/2023 20:20,323,240.5,49.6,0.000826667,0.0072912
11/27/2023 20:18,121,242.3,14.6,0.000243333,0.0021462
11/27/2023 20:16,200,240.9,17.5,0.000291667,0.0025725
11/27/2023 20:14,151,242.3,26.7,0.000445,0.0039249
11/27/2023 20:11,196,241.8,25.3,0.000421667,0.0037191
11/27/2023 20:09,179,241.4,20.1,0.000335,0.0029547
11/27/2023 20:08,180,241.4,21.1,0.000351667,0.0031017
11/27/2023 20:07,259,241.8,41.1,0.000685,0.0060417
11/27/2023 20:05,220,241.4,27.9,0.000465,0.0041013
11/27/2023 20:03,183,242.7,25.5,0.000425,0.0037485
11/27/2023 20:02,348,244.1,42,0.0007,0.006174
11/27/2023 20:01,181,243.2,23.8,0.000396667,0.0034986
11/27/2023 19:57,189,240.9,23.2,0.000386667,0.0034104
11/27/2023 19:56,202,242.3,21.8,0.000363333,0.0032046
11/27/2023 19:55,291,243.2,39,0.00065,0.005733
11/27/2023 19:53,192,243.2,23.9,0.000398333,0.0035133
11/27/2023 19:52,241,243.2,30.2,0.000503333,0.0044394
11/27/2023 19:51,219,242.7,38.1,0.000635,0.0056007
11/27/2023 19:50,251,243.2,27.1,0.000451667,0.0039837
11/27/2023 19:49,189,241.4,23.1,0.000385,0.0033957
11/27/2023 19:48,354,240.9,46.2,0.00077,0.0067914
11/27/2023 19:45,210,240,24,0.0004,0.003528
11/27/2023 19:44,191,240.5,24.2,0.000403333,0.0035574
11/27/2023 19:42,218,240.9,31,0.000516667,0.004557
11/27/2023 19:41,226,241.4,23.7,0.000395,0.0034839
11/27/2023 19:39,211,240.5,31.8,0.00053,0.0046746
11/27/2023 19:37,271,241.8,39.2,0.000653333,0.0057624
11/27/2023 19:34,237,241.4,23.4,0.00039,0.0034398
11/27/2023 19:33,146,241.4,15.8,0.000263333,0.0023226
11/27/2023 19:32,185,241.4,22.4,0.000373333,0.0032928
11/27/2023 19:29,190,242.7,24.3,0.000405,0.0035721
11/27/2023 19:27,190,241.8,23.5,0.000391667,0.0034545
11/27/2023 19:26,343,241.4,47.4,0.00079,0.0069678
11/27/2023 19:25,302,240.9,45.3,0.000755,0.0066591
11/27/2023 19:21,253,240,35,0.000583333,0.005145
11/27/2023 19:18,236,240.5,27.2,0.000453333,0.0039984
11/27/2023 19:13,124,240.9,13.7,0.000228333,0.0020139
11/27/2023 19:11,127,242.7,13.6,0.000226667,0.0019992
11/27/2023 19:10,151,240.9,17.3,0.000288333,0.0025431
11/27/2023 18:56,129,241.4,14.4,0.00024,0.0021168
11/27/2023 18:50,160,242.7,17.2,0.000286667,0.0025284
11/27/2023 18:49,276,241.4,34.6,0.000576667,0.0050862
11/27/2023 18:37,123,243.2,18,0.0003,0.002646
11/27/2023 18:35,170,240.5,17.9,0.000298333,0.0026313
11/27/2023 18:32,123,242.3,14.4,0.00024,0.0021168
11/27/2023 17:32,130,243.7,14,0.000233333,0.002058
11/27/2023 17:31,142,244.6,16.9,0.000281667,0.0024843
11/27/2023 17:26,133,245.5,14.3,0.000238333,0.0021021
11/27/2023 17:14,130,247.4,14,0.000233333,0.002058
11/27/2023 17:12,124,246,14,0.000233333,0.002058
11/27/2023 17:05,120,249.3,13.5,0.000225,0.0019845
11/27/2023 16:57,132,248.4,14.2,0.000236667,0.0020874
11/27/2023 16:55,143,248.8,18.2,0.000303333,0.0026754
11/27/2023 16:48,144,246.5,17.7,0.000295,0.0026019
11/27/2023 16:47,136,245,17.8,0.000296667,0.0026166
11/27/2023 16:28,153,248.4,18.9,0.000315,0.0027783
11/27/2023 15:52,138,245,18.1,0.000301667,0.0026607
11/27/2023 15:51,164,244.1,23.9,0.000398333,0.0035133
11/27/2023 15:45,198,244.6,26.1,0.000435,0.0038367
11/27/2023 15:42,176,245,27.4,0.000456667,0.0040278
11/27/2023 15:41,278,243.2,31.2,0.00052,0.0045864
11/27/2023 15:39,113,244.1,13.9,0.000231667,0.0020433
11/27/2023 15:38,118,241.8,14.2,0.000236667,0.0020874
11/27/2023 15:37,143,242.7,19.3,0.000321667,0.0028371
11/27/2023 15:34,150,243.2,19.2,0.00032,0.0028224
11/27/2023 15:33,129,243.2,18.8,0.000313333,0.0027636
11/27/2023 15:32,121,245.5,13.6,0.000226667,0.0019992
11/27/2023 15:31,177,243.2,14.4,0.00024,0.0021168
11/27/2023 15:30,147,244.1,22.7,0.000378333,0.0033369
11/27/2023 15:29,146,244.6,20.3,0.000338333,0.0029841
11/27/2023 15:28,185,244.1,30.4,0.000506667,0.0044688
11/27/2023 15:27,203,244.1,30.2,0.000503333,0.0044394
11/27/2023 15:25,102,244.6,12.6,0.00021,0.0018522
11/27/2023 15:23,113,243.2,14,0.000233333,0.002058
11/27/2023 15:22,144,244.6,21,0.00035,0.003087
11/27/2023 15:21,148,242.7,18.2,0.000303333,0.0026754
11/27/2023 15:18,159,243.7,14.4,0.00024,0.0021168
11/27/2023 15:16,178,245.5,27.5,0.000458333,0.0040425
11/27/2023 15:15,155,243.2,22,0.000366667,0.003234
11/27/2023 15:13,289,243.7,28.5,0.000475,0.0041895
11/27/2023 15:10,228,244.1,19.7,0.000328333,0.0028959
11/27/2023 15:08,201,244.6,31.3,0.000521667,0.0046011
11/27/2023 15:06,179,244.1,30.6,0.00051,0.0044982
11/27/2023 15:05,203,244.6,32.6,0.000543333,0.0047922
11/27/2023 15:02,237,242.3,30.6,0.00051,0.0044982
11/27/2023 15:00,236,241.8,32.4,0.00054,0.0047628
11/27/2023 14:56,167,239.6,20.7,0.000345,0.0030429
11/27/2023 14:55,275,240.9,36.5,0.000608333,0.0053655
11/27/2023 14:54,232,240,32.6,0.000543333,0.0047922
11/27/2023 14:53,187,239.6,47.2,0.000786667,0.0069384
11/27/2023 14:51,210,241.4,26,0.000433333,0.003822
11/27/2023 14:49,214,240.5,30.5,0.000508333,0.0044835
11/27/2023 14:46,224,241.4,32.7,0.000545,0.0048069
11/27/2023 14:42,270,241.4,32,0.000533333,0.004704
11/27/2023 13:54,289,240.5,41.8,0.000696667,0.0061446
11/27/2023 12:54,305,238.2,42.7,0.000711667,0.0062769
11/27/2023 12:42,319,234.4,43.3,0.000721667,0.0063651
11/27/2023 12:41,321,234.8,43.4,0.000723333,0.0063798
11/27/2023 12:39,326,231,43.6,0.000726667,0.0064092
11/27/2023 12:38,325,233.1,42.2,0.000703333,0.0062034
11/27/2023 12:37,331,233.1,43.6,0.000726667,0.0064092
11/27/2023 12:36,325,233.9,44.3,0.000738333,0.0065121
11/27/2023 11:54,292,234.8,39.8,0.000663333,0.0058506
11/27/2023 10:53,494,238.7,73.5,0.001225,0.0108045
11/27/2023 10:14,299,244.6,41.3,0.000688333,0.0060711
11/27/2023 9:56,391,244.1,56.9,0.000948333,0.0083643
11/27/2023 9:54,265,244.6,33.8,0.000563333,0.0049686
11/27/2023 9:51,121,243.7,14.8,0.000246667,0.0021756
11/27/2023 9:50,175,245.5,32.9,0.000548333,0.0048363
11/27/2023 9:49,260,244.1,26.8,0.000446667,0.0039396
11/27/2023 9:48,162,243.2,18.8,0.000313333,0.0027636
11/27/2023 9:47,166,242.7,21.8,0.000363333,0.0032046
11/27/2023 9:40,160,245,18.9,0.000315,0.0027783
11/27/2023 9:38,207,244.6,27.5,0.000458333,0.0040425
11/27/2023 9:31,109,244.1,14,0.000233333,0.002058
11/27/2023 9:30,464,243.2,49.3,0.000821667,0.0072471
11/27/2023 9:28,112,244.1,15,0.00025,0.002205
11/27/2023 9:27,167,244.6,25.5,0.000425,0.0037485
11/27/2023 9:26,156,244.1,20.5,0.000341667,0.0030135
11/27/2023 9:25,479,244.6,71.4,0.00119,0.0104958
11/27/2023 1:27,0,243.7,0,0,0
11/27/2023 1:26,212,243.2,30.5,0.000508333,0.0044835
11/27/2023 1:22,114,245,15.2,0.000253333,0.0022344
11/27/2023 1:19,165,244.1,22.1,0.000368333,0.0032487
11/27/2023 1:17,206,245,28.4,0.000473333,0.0041748
11/27/2023 1:14,198,244.6,26.5,0.000441667,0.0038955
11/27/2023 1:02,322,243.2,35.3,0.000588333,0.0051891
11/27/2023 0:52,132,243.7,14.4,0.00024,0.0021168
11/27/2023 0:51,227,241.4,27.4,0.000456667,0.0040278
11/27/2023 0:49,233,241.8,28.9,0.000481667,0.0042483
11/27/2023 0:30,196,242.7,29.5,0.000491667,0.0043365
11/27/2023 0:21,158,238.7,21.8,0.000363333,0.0032046
11/27/2023 0:19,183,240.9,24.6,0.00041,0.0036162
11/28/2023 23:57,221,242.3,22.8,0.00038,0.0033516
11/28/2023 23:56,170,243.2,20.7,0.000345,0.0030429
11/28/2023 23:55,242,242.3,32,0.000533333,0.004704
11/28/2023 23:54,157,243.2,18.4,0.000306667,0.0027048
11/28/2023 23:53,117,242.7,14.4,0.00024,0.0021168
11/28/2023 23:52,150,242.3,25.8,0.00043,0.0037926
11/28/2023 23:50,113,243.2,15.1,0.000251667,0.0022197
11/28/2023 23:48,123,242.3,15.7,0.000261667,0.0023079
11/28/2023 23:42,166,240,20.3,0.000338333,0.0029841
11/28/2023 23:41,223,241.8,30,0.0005,0.00441
11/28/2023 23:39,244,241.4,32.7,0.000545,0.0048069
11/28/2023 23:37,231,240.5,34.5,0.000575,0.0050715
11/28/2023 23:36,200,241.8,25.5,0.000425,0.0037485
11/28/2023 23:35,169,241.8,23.3,0.000388333,0.0034251
11/28/2023 23:32,185,242.3,25.4,0.000423333,0.0037338
11/28/2023 23:31,171,241.8,23.4,0.00039,0.0034398
11/28/2023 23:29,177,240.5,25,0.000416667,0.003675
11/28/2023 23:24,163,240.9,22.4,0.000373333,0.0032928
11/28/2023 23:22,147,240,17.3,0.000288333,0.0025431
11/28/2023 23:21,166,240.9,23.3,0.000388333,0.0034251
11/28/2023 23:19,156,240,22.2,0.00037,0.0032634
11/28/2023 23:17,163,239.6,21.1,0.000351667,0.0031017
11/28/2023 23:15,168,238.2,18.4,0.000306667,0.0027048
11/28/2023 23:11,162,238.7,22.3,0.000371667,0.0032781
11/28/2023 23:10,292,241.4,36.5,0.000608333,0.0053655
11/28/2023 23:09,235,242.3,40.5,0.000675,0.0059535
11/28/2023 23:08,141,242.7,18.9,0.000315,0.0027783
11/28/2023 23:07,122,242.3,14,0.000233333,0.002058
11/28/2023 23:04,223,243.2,32.4,0.00054,0.0047628
11/28/2023 23:00,126,241.8,16.5,0.000275,0.0024255
11/28/2023 22:57,189,240.9,23.5,0.000391667,0.0034545
11/28/2023 22:53,179,242.7,22.8,0.00038,0.0033516
11/28/2023 22:46,201,244.6,28.3,0.000471667,0.0041601
11/28/2023 22:33,160,244.6,18.9,0.000315,0.0027783
11/28/2023 22:15,124,243.7,14.6,0.000243333,0.0021462
11/28/2023 22:09,141,244.1,17.4,0.00029,0.0025578
11/28/2023 21:59,135,242.7,16.4,0.000273333,0.0024108
11/28/2023 21:54,121,243.2,13.2,0.00022,0.0019404
11/28/2023 21:53,146,243.7,17,0.000283333,0.002499
11/28/2023 21:51,119,240,13.6,0.000226667,0.0019992
11/28/2023 21:39,142,242.7,17.7,0.000295,0.0026019
11/28/2023 21:36,164,244.1,21.4,0.000356667,0.0031458
11/28/2023 21:33,133,243.2,14.4,0.00024,0.0021168
11/28/2023 21:23,265,242.3,32.8,0.000546667,0.0048216
11/28/2023 21:20,143,241.4,17.1,0.000285,0.0025137
11/28/2023 21:16,124,242.3,13.7,0.000228333,0.0020139
11/28/2023 21:10,132,243.2,14.2,0.000236667,0.0020874
11/28/2023 21:09,169,241.4,19.7,0.000328333,0.0028959
11/28/2023 20:59,148,244.1,18,0.0003,0.002646
11/28/2023 20:56,164,243.2,22.3,0.000371667,0.0032781
11/28/2023 20:54,150,242.7,18.5,0.000308333,0.0027195
11/28/2023 20:44,142,243.2,18,0.0003,0.002646
11/28/2023 20:43,185,241.4,28.1,0.000468333,0.0041307
11/28/2023 20:42,119,243.2,14.7,0.000245,0.0021609
11/28/2023 20:39,132,243.7,14.2,0.000236667,0.0020874
11/28/2023 20:36,157,244.1,18.2,0.000303333,0.0026754
11/28/2023 20:35,142,243.7,14.2,0.000236667,0.0020874
11/28/2023 20:30,133,242.7,15.9,0.000265,0.0023373
11/28/2023 20:29,240,243.2,33.2,0.000553333,0.0048804
11/28/2023 20:27,123,242.7,18.2,0.000303333,0.0026754
11/28/2023 20:23,139,243.2,16.5,0.000275,0.0024255
11/28/2023 20:21,152,242.3,18.5,0.000308333,0.0027195
11/28/2023 20:20,160,243.7,19.4,0.000323333,0.0028518
11/28/2023 20:19,125,243.2,15.1,0.000251667,0.0022197
11/28/2023 20:17,125,242.7,15.6,0.00026,0.0022932
11/28/2023 20:16,151,244.6,19.7,0.000328333,0.0028959
11/28/2023 20:14,167,244.1,18.8,0.000313333,0.0027636
11/28/2023 20:11,181,245,23.2,0.000386667,0.0034104
11/28/2023 20:10,119,245.5,14.3,0.000238333,0.0021021
11/28/2023 20:08,143,243.2,14.6,0.000243333,0.0021462
11/28/2023 20:07,285,244.1,31.5,0.000525,0.0046305
11/28/2023 20:03,168,240.9,21.1,0.000351667,0.0031017
11/28/2023 20:02,149,243.7,18.7,0.000311667,0.0027489
11/28/2023 20:00,135,244.6,19.5,0.000325,0.0028665
11/28/2023 19:57,151,244.1,21.6,0.00036,0.0031752
11/28/2023 19:56,138,245.5,16.5,0.000275,0.0024255
11/28/2023 19:54,155,243.2,16.2,0.00027,0.0023814
11/28/2023 19:52,149,242.7,17.3,0.000288333,0.0025431
11/28/2023 19:48,214,243.2,28.7,0.000478333,0.0042189
11/28/2023 19:47,269,240.9,39.4,0.000656667,0.0057918
11/28/2023 19:46,131,243.2,16.7,0.000278333,0.0024549
11/28/2023 19:45,204,242.7,24.3,0.000405,0.0035721
11/28/2023 19:13,273,243.2,26.9,0.000448333,0.0039543
11/28/2023 19:07,266,244.6,36,0.0006,0.005292
11/28/2023 18:48,183,243.2,24.3,0.000405,0.0035721
11/28/2023 18:47,194,242.3,24.7,0.000411667,0.0036309
11/28/2023 18:45,300,241.4,57.2,0.000953333,0.0084084
11/28/2023 18:44,256,239.1,28.3,0.000471667,0.0041601
11/28/2023 18:43,329,239.6,40.2,0.00067,0.0059094
11/28/2023 18:38,120,240.9,13.7,0.000228333,0.0020139
11/28/2023 18:28,123,240.5,14.2,0.000236667,0.0020874
11/28/2023 18:27,147,241.4,17.2,0.000286667,0.0025284
11/28/2023 18:24,155,241.8,17.8,0.000296667,0.0026166
11/28/2023 18:19,154,242.7,18.3,0.000305,0.0026901
11/28/2023 18:18,128,242.3,15.6,0.00026,0.0022932
11/28/2023 18:15,126,241.4,14.6,0.000243333,0.0021462
11/28/2023 18:14,164,240.9,22.4,0.000373333,0.0032928
11/28/2023 18:13,157,239.6,17.9,0.000298333,0.0026313
11/28/2023 18:06,248,236.5,32.1,0.000535,0.0047187
11/28/2023 18:00,124,238.2,13.7,0.000228333,0.0020139
11/28/2023 17:59,135,239.1,15.2,0.000253333,0.0022344
11/28/2023 17:56,201,238.2,24,0.0004,0.003528
11/28/2023 17:53,208,239.1,25.1,0.000418333,0.0036897
11/28/2023 17:52,134,240,14.3,0.000238333,0.0021021
11/28/2023 17:51,258,238.2,28.8,0.00048,0.0042336
11/28/2023 17:39,252,237.4,34.3,0.000571667,0.0050421
11/28/2023 17:31,277,236.5,35.2,0.000586667,0.0051744
11/28/2023 17:28,127,236.1,14.3,0.000238333,0.0021021
11/28/2023 17:26,184,238.7,22.2,0.00037,0.0032634
11/28/2023 17:20,301,237.8,37.9,0.000631667,0.0055713
11/28/2023 17:12,215,237.4,33.8,0.000563333,0.0049686
11/28/2023 17:07,292,239.6,34.7,0.000578333,0.0051009
11/28/2023 17:00,214,237.8,29.8,0.000496667,0.0043806
11/28/2023 16:58,234,236.9,35.8,0.000596667,0.0052626
11/28/2023 16:50,258,237.4,39.7,0.000661667,0.0058359
11/28/2023 16:49,321,236.9,50.2,0.000836667,0.0073794
11/28/2023 16:46,296,233.1,44.5,0.000741667,0.0065415
11/28/2023 16:19,225,238.7,29.1,0.000485,0.0042777
11/28/2023 16:01,137,236.9,16.7,0.000278333,0.0024549
11/28/2023 15:52,110,235.6,12.9,0.000215,0.0018963
11/28/2023 15:43,139,234.8,16.3,0.000271667,0.0023961
11/28/2023 15:41,112,237.4,14.1,0.000235,0.0020727
11/28/2023 15:36,211,236.1,23.3,0.000388333,0.0034251
11/28/2023 15:34,161,238.7,18.1,0.000301667,0.0026607
11/28/2023 15:33,111,240,14.1,0.000235,0.0020727
11/28/2023 15:28,128,238.7,16.9,0.000281667,0.0024843
11/28/2023 15:27,126,238.7,15.7,0.000261667,0.0023079
11/28/2023 15:24,169,238.2,18.3,0.000305,0.0026901
11/28/2023 15:14,212,234.4,27.1,0.000451667,0.0039837
11/28/2023 15:13,151,233.5,20.2,0.000336667,0.0029694
11/28/2023 15:11,165,234.8,21.1,0.000351667,0.0031017
11/28/2023 15:08,144,235.2,18.7,0.000311667,0.0027489
11/28/2023 15:06,112,235.6,14.3,0.000238333,0.0021021
11/28/2023 15:04,142,234.4,18.5,0.000308333,0.0027195
11/28/2023 14:59,143,234.8,17.6,0.000293333,0.0025872
11/28/2023 14:53,109,235.6,12.6,0.00021,0.0018522
11/28/2023 14:47,123,235.6,15.5,0.000258333,0.0022785
11/28/2023 14:44,224,236.5,28.1,0.000468333,0.0041307
11/28/2023 14:43,244,235.6,35.4,0.00059,0.0052038
11/28/2023 14:37,127,235.2,15.7,0.000261667,0.0023079
11/28/2023 14:28,225,237.4,31.7,0.000528333,0.0046599
11/28/2023 14:24,135,236.9,16.4,0.000273333,0.0024108
11/28/2023 14:21,236,236.5,33.5,0.000558333,0.0049245
11/28/2023 14:19,122,236.9,14,0.000233333,0.002058
11/28/2023 14:15,148,238.7,18.2,0.000303333,0.0026754
11/28/2023 14:10,121,237.4,16.3,0.000271667,0.0023961
11/28/2023 14:08,239,237.8,35,0.000583333,0.005145
11/28/2023 14:07,324,236.9,52.1,0.000868333,0.0076587
11/28/2023 14:06,232,237.4,32.7,0.000545,0.0048069
11/28/2023 14:05,118,237.8,13.9,0.000231667,0.0020433
11/28/2023 13:59,119,238.7,15.6,0.00026,0.0022932
11/28/2023 13:58,136,240,17,0.000283333,0.002499
11/28/2023 13:56,146,237.4,14.4,0.00024,0.0021168
11/28/2023 13:55,133,236.5,20.1,0.000335,0.0029547
11/28/2023 13:54,111,234.8,13.2,0.00022,0.0019404
11/28/2023 13:49,133,236.1,14.3,0.000238333,0.0021021
11/28/2023 13:48,114,233.5,13.1,0.000218333,0.0019257
11/28/2023 13:44,149,234.4,19.6,0.000326667,0.0028812
11/28/2023 13:43,142,236.1,17.1,0.000285,0.0025137
11/28/2023 13:41,129,236.9,13,0.000216667,0.001911
11/28/2023 13:40,130,234.8,16.9,0.000281667,0.0024843
11/28/2023 13:38,134,236.1,17.5,0.000291667,0.0025725
11/28/2023 13:35,127,234.8,16.4,0.000273333,0.0024108
11/28/2023 13:34,119,235.2,14.9,0.000248333,0.0021903
11/28/2023 13:33,173,234.8,22,0.000366667,0.003234
11/28/2023 13:26,128,233.5,18.4,0.000306667,0.0027048
11/28/2023 13:25,117,236.1,15.9,0.000265,0.0023373
11/28/2023 13:24,131,235.6,16.6,0.000276667,0.0024402
11/28/2023 13:10,0,236.1,0,0,0
11/28/2023 12:59,156,236.5,18.7,0.000311667,0.0027489
11/28/2023 12:57,111,233.9,16.7,0.000278333,0.0024549
11/28/2023 12:48,192,233.1,25.6,0.000426667,0.0037632
11/28/2023 12:46,192,231.4,25.7,0.000428333,0.0037779
11/28/2023 12:20,333,229.3,43.1,0.000718333,0.0063357
11/28/2023 12:17,208,231.4,30.3,0.000505,0.0044541
11/28/2023 12:16,218,226.9,31.2,0.00052,0.0045864
11/28/2023 12:12,196,228.9,25.2,0.00042,0.0037044
11/28/2023 12:07,225,228.5,28.6,0.000476667,0.0042042
11/28/2023 12:06,298,228.5,42.2,0.000703333,0.0062034
11/28/2023 12:03,195,225.7,26.4,0.00044,0.0038808
11/28/2023 12:01,131,228.9,14,0.000233333,0.002058
11/28/2023 12:00,161,226.9,22,0.000366667,0.003234
11/28/2023 11:56,160,226.1,18.9,0.000315,0.0027783
11/28/2023 11:55,144,228.5,18,0.0003,0.002646
11/28/2023 11:54,182,226.1,23.6,0.000393333,0.0034692
11/28/2023 11:53,147,227.7,13.5,0.000225,0.0019845
11/28/2023 11:52,348,225.3,49.3,0.000821667,0.0072471
11/28/2023 11:48,123,226.1,14.4,0.00024,0.0021168
11/28/2023 11:43,146,229.3,18.2,0.000303333,0.0026754
11/28/2023 11:40,145,231.4,17.2,0.000286667,0.0025284
11/28/2023 11:39,142,229.8,27.1,0.000451667,0.0039837
11/28/2023 11:38,215,228.5,29.1,0.000485,0.0042777
11/28/2023 11:37,129,227.7,18.9,0.000315,0.0027783
11/28/2023 11:36,213,226.9,41.8,0.000696667,0.0061446
11/28/2023 11:35,121,227.7,14.2,0.000236667,0.0020874
11/28/2023 11:34,122,226.9,15.4,0.000256667,0.0022638
11/28/2023 11:33,248,226.1,22.6,0.000376667,0.0033222
11/28/2023 11:32,163,226.9,26.3,0.000438333,0.0038661
11/28/2023 11:30,123,227.3,14.4,0.00024,0.0021168
11/28/2023 11:29,119,227.7,14.3,0.000238333,0.0021021
11/28/2023 11:26,323,224.5,38.2,0.000636667,0.0056154
11/28/2023 11:23,133,226.1,15.2,0.000253333,0.0022344
11/28/2023 11:20,130,228.5,14.4,0.00024,0.0021168
11/28/2023 11:19,339,227.3,48.4,0.000806667,0.0071148
11/28/2023 11:17,146,229.3,20.3,0.000338333,0.0029841
11/28/2023 11:16,122,230.2,14,0.000233333,0.002058
11/28/2023 11:14,126,227.7,14.7,0.000245,0.0021609
11/28/2023 11:13,151,230.2,18.5,0.000308333,0.0027195
11/28/2023 11:03,127,230.6,14,0.000233333,0.002058
11/28/2023 11:02,113,230.2,14.6,0.000243333,0.0021462
11/28/2023 10:55,126,227.7,13.1,0.000218333,0.0019257
11/28/2023 10:54,248,226.9,34.1,0.000568333,0.0050127
11/28/2023 10:43,125,232.2,14.6,0.000243333,0.0021462
11/28/2023 10:41,145,231.4,17.9,0.000298333,0.0026313
11/28/2023 10:37,119,232.7,14.4,0.00024,0.0021168
11/28/2023 10:34,111,233.1,13.1,0.000218333,0.0019257
11/28/2023 10:32,116,233.5,13.6,0.000226667,0.0019992
11/28/2023 10:29,171,231.8,18.5,0.000308333,0.0027195
11/28/2023 10:26,115,236.9,12.6,0.00021,0.0018522
11/28/2023 10:23,128,230.2,15,0.00025,0.002205
11/28/2023 10:22,261,231.4,29.4,0.00049,0.0043218
11/28/2023 10:18,143,232.2,16.5,0.000275,0.0024255
11/28/2023 10:17,214,233.1,29.6,0.000493333,0.0043512
11/28/2023 10:16,219,233.5,26.2,0.000436667,0.0038514
11/28/2023 10:15,269,231.4,31.4,0.000523333,0.0046158
11/28/2023 10:14,417,231.8,64.1,0.001068333,0.0094227
11/28/2023 10:13,162,233.5,22.2,0.00037,0.0032634
11/28/2023 10:12,236,231.4,36.2,0.000603333,0.0053214
11/28/2023 1:04,0,238.2,0,0,0
11/28/2023 1:03,383,237.8,36.8,0.000613333,0.0054096
11/28/2023 0:10,0,246.5,0,0,0
11/28/2023 0:08,111,243.7,13.2,0.00022,0.0019404
11/28/2023 0:07,127,244.1,14.3,0.000238333,0.0021021
11/28/2023 0:06,268,244.6,42.1,0.000701667,0.0061887
11/28/2023 0:05,225,245,28.9,0.000481667,0.0042483
11/28/2023 0:02,171,243.2,25.4,0.000423333,0.0037338
11/28/2023 0:01,306,243.7,51.8,0.000863333,0.0076146
11/29/2023 23:58,110,240.9,13.9,0.000231667,0.0020433
11/29/2023 23:57,133,239.6,19.7,0.000328333,0.0028959
11/29/2023 23:56,272,241.4,39.8,0.000663333,0.0058506
11/29/2023 23:53,143,238.7,14.3,0.000238333,0.0021021
11/29/2023 23:52,146,238.2,16.9,0.000281667,0.0024843
11/29/2023 23:51,167,238.7,17.4,0.00029,0.0025578
11/29/2023 23:50,185,240,25.2,0.00042,0.0037044
11/29/2023 23:47,213,240,31.3,0.000521667,0.0046011
11/29/2023 23:46,336,240.5,40.5,0.000675,0.0059535
11/29/2023 23:42,113,240.9,13.7,0.000228333,0.0020139
11/29/2023 23:39,153,242.7,26,0.000433333,0.003822
11/29/2023 23:38,158,240.5,16.8,0.00028,0.0024696
11/29/2023 23:37,131,242.3,20,0.000333333,0.00294
11/29/2023 23:36,279,241.8,41.4,0.00069,0.0060858
11/29/2023 23:33,192,239.1,22.2,0.00037,0.0032634
11/29/2023 23:32,169,239.6,31.4,0.000523333,0.0046158
11/29/2023 23:31,173,238.7,20.4,0.00034,0.0029988
11/29/2023 23:30,371,240.9,56.7,0.000945,0.0083349
11/29/2023 23:29,126,237.4,14.2,0.000236667,0.0020874
11/29/2023 23:28,164,240,27.1,0.000451667,0.0039837
11/29/2023 23:25,180,240.5,25.6,0.000426667,0.0037632
11/29/2023 23:24,165,238.7,25.5,0.000425,0.0037485
11/29/2023 23:23,323,240,46,0.000766667,0.006762
11/29/2023 23:01,0,239.6,0,0,0
11/29/2023 20:18,0,239.6,0,0,0
11/29/2023 20:17,389,237.4,49,0.000816667,0.007203
11/29/2023 20:07,201,240.9,25,0.000416667,0.003675
11/29/2023 20:04,203,240.9,26.6,0.000443333,0.0039102
11/29/2023 20:00,175,240.9,22.9,0.000381667,0.0033663
11/29/2023 19:54,180,241.4,21.6,0.00036,0.0031752
11/29/2023 19:51,123,240.9,13.9,0.000231667,0.0020433
11/29/2023 19:43,194,242.3,23.8,0.000396667,0.0034986
11/29/2023 19:30,263,239.1,29.9,0.000498333,0.0043953
11/29/2023 19:00,315,237.4,41.2,0.000686667,0.0060564
11/29/2023 18:28,266,235.6,35.2,0.000586667,0.0051744
11/29/2023 18:17,125,236.1,13.1,0.000218333,0.0019257
11/29/2023 18:15,146,235.2,13.7,0.000228333,0.0020139
11/29/2023 18:14,328,234.8,41.6,0.000693333,0.0061152
11/29/2023 18:13,0,0,0,0,0
11/29/2023 17:29,250,240,31,0.000516667,0.004557
11/29/2023 17:26,185,238.7,25,0.000416667,0.003675
11/29/2023 17:12,129,239.6,14.4,0.00024,0.0021168
11/29/2023 17:08,196,240,23.7,0.000395,0.0034839
11/29/2023 17:03,155,239.1,19.9,0.000331667,0.0029253
11/29/2023 16:51,272,236.1,35.7,0.000595,0.0052479
11/29/2023 16:47,155,236.5,14.4,0.00024,0.0021168
11/29/2023 16:29,185,235.2,23.9,0.000398333,0.0035133
11/29/2023 16:28,135,235.6,18.6,0.00031,0.0027342
11/29/2023 16:26,165,233.5,18.2,0.000303333,0.0026754
11/29/2023 16:24,186,234.8,20.9,0.000348333,0.0030723
11/29/2023 16:23,214,236.5,25.2,0.00042,0.0037044
11/29/2023 16:19,174,233.5,19.2,0.00032,0.0028224
11/29/2023 16:03,178,233.9,20.1,0.000335,0.0029547
11/29/2023 16:02,165,233.1,14.6,0.000243333,0.0021462
11/29/2023 16:01,179,232.2,23,0.000383333,0.003381
11/29/2023 15:55,186,234.8,23.9,0.000398333,0.0035133
11/29/2023 15:51,194,235.2,28.9,0.000481667,0.0042483
11/29/2023 15:50,347,234.8,48.4,0.000806667,0.0071148
11/29/2023 15:49,274,234.4,31.4,0.000523333,0.0046158
11/29/2023 15:47,234,234.4,31.5,0.000525,0.0046305
11/29/2023 15:44,229,236.1,27.7,0.000461667,0.0040719
11/29/2023 15:39,142,235.2,16.5,0.000275,0.0024255
11/29/2023 15:38,269,234.4,30,0.0005,0.00441
11/29/2023 15:32,138,235.6,16,0.000266667,0.002352
11/29/2023 15:30,235,234.4,31,0.000516667,0.004557
11/29/2023 15:23,141,234.8,17.1,0.000285,0.0025137
11/29/2023 15:18,162,233.5,16.7,0.000278333,0.0024549
11/29/2023 15:07,126,234.8,14.7,0.000245,0.0021609
11/29/2023 15:06,127,235.2,13.9,0.000231667,0.0020433
11/29/2023 15:05,369,233.1,53.1,0.000885,0.0078057
11/29/2023 15:04,147,234.4,16.2,0.00027,0.0023814
11/29/2023 15:02,167,234.8,21,0.00035,0.003087
11/29/2023 15:01,179,234.8,19.1,0.000318333,0.0028077
11/29/2023 14:57,113,233.9,14.3,0.000238333,0.0021021
11/29/2023 14:56,328,233.1,52.9,0.000881667,0.0077763
11/29/2023 14:55,155,232.2,15.3,0.000255,0.0022491
11/29/2023 14:53,128,233.1,13.6,0.000226667,0.0019992
11/29/2023 14:48,234,227.7,28,0.000466667,0.004116
11/29/2023 14:44,133,228.9,14.4,0.00024,0.0021168
11/29/2023 14:36,132,227.3,15.8,0.000263333,0.0023226
11/29/2023 14:34,236,229.3,27.2,0.000453333,0.0039984
11/29/2023 14:30,118,232.2,12.2,0.000203333,0.0017934
11/29/2023 14:29,228,231,25.9,0.000431667,0.0038073
11/29/2023 14:23,142,229.8,15.2,0.000253333,0.0022344
11/29/2023 14:21,127,230.6,16.3,0.000271667,0.0023961
11/29/2023 14:20,284,228.9,28.6,0.000476667,0.0042042
11/29/2023 14:19,127,230.6,13.4,0.000223333,0.0019698
11/29/2023 14:18,184,230.2,22.6,0.000376667,0.0033222
11/29/2023 14:17,121,231.4,13,0.000216667,0.001911
11/29/2023 14:15,129,230.2,14.4,0.00024,0.0021168
11/29/2023 14:13,187,228.5,25.4,0.000423333,0.0037338
11/29/2023 14:10,159,228.9,23,0.000383333,0.003381
11/29/2023 14:07,133,228.5,13.4,0.000223333,0.0019698
11/29/2023 14:06,244,227.3,31.3,0.000521667,0.0046011
11/29/2023 14:05,226,229.3,25.3,0.000421667,0.0037191
11/29/2023 14:01,122,231.4,13.9,0.000231667,0.0020433
11/29/2023 14:00,189,230.6,21.6,0.00036,0.0031752
11/29/2023 13:58,152,230.2,16.7,0.000278333,0.0024549
11/29/2023 13:57,148,230.6,17.5,0.000291667,0.0025725
11/29/2023 13:51,229,230.2,29.2,0.000486667,0.0042924
11/29/2023 13:49,146,231,19.6,0.000326667,0.0028812
11/29/2023 13:45,123,231,13.6,0.000226667,0.0019992
11/29/2023 13:44,235,228.5,30.5,0.000508333,0.0044835
11/29/2023 13:42,145,229.3,18.2,0.000303333,0.0026754
11/29/2023 13:41,155,229.8,14.4,0.00024,0.0021168
11/29/2023 13:36,186,227.3,19.8,0.00033,0.0029106
11/29/2023 13:35,169,228.9,13.9,0.000231667,0.0020433
11/29/2023 13:33,187,226.5,24,0.0004,0.003528
11/29/2023 13:32,285,227.7,40.8,0.00068,0.0059976
11/29/2023 13:31,264,228.5,31.9,0.000531667,0.0046893
11/29/2023 13:29,173,231,19.3,0.000321667,0.0028371
11/29/2023 13:25,167,226.9,19.1,0.000318333,0.0028077
11/29/2023 13:24,199,226.5,29.2,0.000486667,0.0042924
11/29/2023 13:23,189,227.7,22.3,0.000371667,0.0032781
11/29/2023 13:20,223,228.5,31,0.000516667,0.004557
11/29/2023 13:13,337,231.4,45.1,0.000751667,0.0066297
11/29/2023 13:10,113,231.8,13.1,0.000218333,0.0019257
11/29/2023 12:58,213,231.4,25.1,0.000418333,0.0036897
11/29/2023 12:57,279,231,35.7,0.000595,0.0052479
11/29/2023 12:56,120,227.3,12.3,0.000205,0.0018081
11/29/2023 12:47,177,225.7,26.5,0.000441667,0.0038955
11/29/2023 12:34,225,223.8,29.4,0.00049,0.0043218
11/29/2023 12:32,228,224.2,29.3,0.000488333,0.0043071
11/29/2023 12:14,354,227.3,38.9,0.000648333,0.0057183
11/29/2023 12:10,181,226.9,22.7,0.000378333,0.0033369
11/29/2023 12:08,298,228.5,40.2,0.00067,0.0059094
11/29/2023 12:06,186,228.5,23.5,0.000391667,0.0034545
11/29/2023 12:04,215,226.1,26.9,0.000448333,0.0039543
11/29/2023 12:02,76,228.5,8,0.000133333,0.001176
11/29/2023 12:01,160,227.7,23.6,0.000393333,0.0034692
11/29/2023 11:53,124,231,13.5,0.000225,0.0019845
11/29/2023 11:50,128,228.5,15,0.00025,0.002205
11/29/2023 11:46,147,230.6,20,0.000333333,0.00294
11/29/2023 11:45,147,230.2,17.3,0.000288333,0.0025431
11/29/2023 11:44,191,231,33.8,0.000563333,0.0049686
11/29/2023 11:34,182,229.3,14.2,0.000236667,0.0020874
11/29/2023 11:33,226,232.2,25.6,0.000426667,0.0037632
11/29/2023 11:32,150,229.3,14.9,0.000248333,0.0021903
11/29/2023 11:31,127,227.7,13.4,0.000223333,0.0019698
11/29/2023 11:26,129,231,13.7,0.000228333,0.0020139
11/29/2023 11:25,204,228.5,25.1,0.000418333,0.0036897
11/29/2023 11:23,125,231,13.2,0.00022,0.0019404
11/29/2023 11:22,193,228.5,24,0.0004,0.003528
11/29/2023 11:21,191,229.3,22,0.000366667,0.003234
11/29/2023 11:09,141,230.2,16.7,0.000278333,0.0024549
11/29/2023 11:06,122,231.4,13.7,0.000228333,0.0020139
11/29/2023 11:02,137,232.7,13.2,0.00022,0.0019404
11/29/2023 10:57,145,232.2,16.6,0.000276667,0.0024402
11/29/2023 10:51,148,231.4,20.1,0.000335,0.0029547
11/29/2023 10:50,131,234.4,14.3,0.000238333,0.0021021
11/29/2023 10:48,153,230.2,18.5,0.000308333,0.0027195
11/29/2023 10:46,142,236.1,17.4,0.00029,0.0025578
11/29/2023 10:42,152,230.6,17.2,0.000286667,0.0025284
11/29/2023 10:41,146,231.8,14.2,0.000236667,0.0020874
11/29/2023 10:39,129,229.8,14.6,0.000243333,0.0021462
11/29/2023 10:38,173,231.4,24.5,0.000408333,0.0036015
11/29/2023 10:36,136,233.9,13.2,0.00022,0.0019404
11/29/2023 10:35,210,231,15.8,0.000263333,0.0023226
11/29/2023 10:34,256,229.8,26.6,0.000443333,0.0039102
11/29/2023 10:26,126,231.8,13.2,0.00022,0.0019404
11/29/2023 10:25,200,233.1,23,0.000383333,0.003381
11/29/2023 10:24,155,227.3,14.3,0.000238333,0.0021021
11/29/2023 10:23,315,226.9,39.7,0.000661667,0.0058359
11/29/2023 10:22,179,229.3,23,0.000383333,0.003381
11/29/2023 10:21,142,228.5,16,0.000266667,0.002352
11/29/2023 10:20,444,230.2,61.8,0.00103,0.0090846
11/29/2023 10:19,303,229.3,23.6,0.000393333,0.0034692
11/29/2023 10:18,257,228.9,31,0.000516667,0.004557
11/29/2023 10:15,201,229.3,19.3,0.000321667,0.0028371
11/29/2023 10:13,453,230.2,63.9,0.001065,0.0093933
11/29/2023 10:11,0,228.9,0,0,0
11/29/2023 4:03,113,248.4,19.3,0.000321667,0.0028371
11/29/2023 3:59,177,248.8,18.1,0.000301667,0.0026607
11/29/2023 3:58,310,248.4,42.2,0.000703333,0.0062034
11/29/2023 3:57,192,248.4,29.2,0.000486667,0.0042924
11/29/2023 3:56,123,247.4,19.8,0.00033,0.0029106
11/29/2023 3:55,175,247.4,28.4,0.000473333,0.0041748
11/29/2023 3:52,110,246.9,17.8,0.000296667,0.0026166
11/29/2023 3:51,157,247.9,19.6,0.000326667,0.0028812
11/29/2023 3:48,200,244.6,29.7,0.000495,0.0043659
11/29/2023 3:47,190,246.9,27,0.00045,0.003969
11/29/2023 3:45,211,246,24.7,0.000411667,0.0036309
11/29/2023 3:44,107,245,20.2,0.000336667,0.0029694
11/29/2023 3:43,183,246,29.1,0.000485,0.0042777
11/29/2023 3:42,107,247.4,14.9,0.000248333,0.0021903
11/29/2023 3:41,105,245.5,15.3,0.000255,0.0022491
11/29/2023 3:40,173,247.9,21.3,0.000355,0.0031311
11/29/2023 3:39,245,246.5,31.3,0.000521667,0.0046011
11/29/2023 3:38,123,246.9,16.5,0.000275,0.0024255
11/29/2023 3:37,130,245.5,17.3,0.000288333,0.0025431
11/29/2023 3:36,109,246.5,14.2,0.000236667,0.0020874
11/29/2023 3:35,120,246,34.1,0.000568333,0.0050127
11/29/2023 3:33,101,247.9,14.1,0.000235,0.0020727
11/29/2023 3:32,104,247.4,14.6,0.000243333,0.0021462
11/29/2023 3:31,112,248.4,13.9,0.000231667,0.0020433
11/29/2023 3:29,190,247.9,29.2,0.000486667,0.0042924
11/29/2023 3:28,105,245.5,14.2,0.000236667,0.0020874
11/29/2023 3:27,166,247.9,21.7,0.000361667,0.0031899
11/29/2023 3:26,168,246.9,17.7,0.000295,0.0026019
11/29/2023 3:24,159,247.4,24.2,0.000403333,0.0035574
11/29/2023 3:22,204,248.4,14.8,0.000246667,0.0021756
11/29/2023 3:21,178,247.9,28,0.000466667,0.004116
11/29/2023 3:20,113,248.4,17.9,0.000298333,0.0026313
11/29/2023 3:17,224,247.9,36.3,0.000605,0.0053361
11/29/2023 3:16,114,245.5,17,0.000283333,0.002499
11/29/2023 3:15,168,246.5,15.6,0.00026,0.0022932
11/29/2023 3:13,112,245.5,29,0.000483333,0.004263
11/29/2023 3:11,113,246.5,16.7,0.000278333,0.0024549
11/29/2023 3:10,203,247.4,24.8,0.000413333,0.0036456
11/29/2023 3:09,126,247.4,19.5,0.000325,0.0028665
11/29/2023 3:08,128,248.4,19.8,0.00033,0.0029106
11/29/2023 3:07,296,246.5,41.8,0.000696667,0.0061446
11/29/2023 3:05,112,247.4,24.7,0.000411667,0.0036309
11/29/2023 3:04,135,247.9,28.9,0.000481667,0.0042483
11/29/2023 3:03,133,247.4,21.1,0.000351667,0.0031017
11/29/2023 2:58,132,247.9,25.6,0.000426667,0.0037632
11/29/2023 2:57,152,246.9,19.1,0.000318333,0.0028077
11/29/2023 2:56,166,246,21.3,0.000355,0.0031311
11/29/2023 2:55,190,246.9,26.6,0.000443333,0.0039102
11/29/2023 2:53,256,247.4,38,0.000633333,0.005586
11/29/2023 2:51,230,247.9,31.1,0.000518333,0.0045717
11/29/2023 2:47,110,248.4,20.1,0.000335,0.0029547
11/29/2023 2:46,108,247.9,13,0.000216667,0.001911
11/29/2023 2:45,151,246.5,23.3,0.000388333,0.0034251
11/29/2023 2:44,146,246.9,20.3,0.000338333,0.0029841
11/29/2023 2:43,119,246,15.3,0.000255,0.0022491
11/29/2023 2:42,109,247.9,13.6,0.000226667,0.0019992
11/29/2023 2:40,176,246.5,24.1,0.000401667,0.0035427
11/29/2023 2:39,130,248.4,14.6,0.000243333,0.0021462
11/29/2023 2:36,210,248.4,32.5,0.000541667,0.0047775
11/29/2023 2:35,109,247.9,15.4,0.000256667,0.0022638
11/29/2023 2:34,110,248.4,13.6,0.000226667,0.0019992
11/29/2023 2:33,151,247.4,22.8,0.00038,0.0033516
11/29/2023 2:29,104,247.9,15.5,0.000258333,0.0022785
11/29/2023 2:28,154,247.4,16.6,0.000276667,0.0024402
11/29/2023 2:27,323,246.5,41.3,0.000688333,0.0060711
11/29/2023 2:26,167,247.4,25.4,0.000423333,0.0037338
11/29/2023 2:25,198,245,26.1,0.000435,0.0038367
11/29/2023 2:24,111,246,15,0.00025,0.002205
11/29/2023 2:23,200,246.5,31.3,0.000521667,0.0046011
11/29/2023 2:21,117,246.5,14.7,0.000245,0.0021609
11/29/2023 2:19,111,246,17.9,0.000298333,0.0026313
11/29/2023 2:17,109,246.5,14.6,0.000243333,0.0021462
11/29/2023 2:15,238,246,31.6,0.000526667,0.0046452
11/29/2023 2:14,257,243.7,39,0.00065,0.005733
11/29/2023 2:13,198,246.9,26.7,0.000445,0.0039249
11/29/2023 2:11,122,248.4,16.3,0.000271667,0.0023961
11/29/2023 2:09,233,247.4,28.8,0.00048,0.0042336
11/29/2023 2:07,221,246,40.6,0.000676667,0.0059682
11/29/2023 2:05,212,244.6,31,0.000516667,0.004557
11/29/2023 2:04,216,245.5,40.8,0.00068,0.0059976
11/29/2023 2:03,180,245,25.9,0.000431667,0.0038073
11/29/2023 2:01,252,244.1,44.5,0.000741667,0.0065415
11/29/2023 2:00,290,243.7,33.6,0.00056,0.0049392
11/29/2023 1:59,156,245,23.8,0.000396667,0.0034986
11/29/2023 1:57,183,245.5,29.9,0.000498333,0.0043953
11/29/2023 1:56,289,245,40.7,0.000678333,0.0059829
11/29/2023 1:52,187,246.9,28.3,0.000471667,0.0041601
11/29/2023 1:51,219,247.4,36.2,0.000603333,0.0053214
11/29/2023 1:50,181,247.4,22.9,0.000381667,0.0033663
11/29/2023 1:49,160,247.9,25.5,0.000425,0.0037485
11/29/2023 1:48,173,247.9,24,0.0004,0.003528
11/29/2023 1:47,223,247.4,36.6,0.00061,0.0053802
11/29/2023 1:45,167,247.9,27.5,0.000458333,0.0040425
11/29/2023 1:44,176,246.9,20.5,0.000341667,0.0030135
11/29/2023 1:43,187,247.9,30.4,0.000506667,0.0044688
11/29/2023 1:42,129,246,21.6,0.00036,0.0031752
11/29/2023 1:41,169,248.4,25.7,0.000428333,0.0037779
11/29/2023 1:40,158,247.9,22.3,0.000371667,0.0032781
11/29/2023 1:39,132,245.5,20.9,0.000348333,0.0030723
11/29/2023 1:36,254,246.9,30.4,0.000506667,0.0044688
11/29/2023 1:34,174,246.5,27.8,0.000463333,0.0040866
11/29/2023 1:31,124,245.5,24,0.0004,0.003528
11/29/2023 1:30,112,247.4,24.3,0.000405,0.0035721
11/29/2023 1:29,110,246,23.1,0.000385,0.0033957
11/29/2023 1:28,198,245.5,29.7,0.000495,0.0043659
11/29/2023 1:27,173,246.5,26.7,0.000445,0.0039249
11/29/2023 1:26,176,244.6,13.1,0.000218333,0.0019257
11/29/2023 1:25,127,246,32.4,0.00054,0.0047628
11/29/2023 1:22,198,246.5,26.2,0.000436667,0.0038514
11/29/2023 1:19,192,246,28.9,0.000481667,0.0042483
11/29/2023 1:18,132,246.9,23,0.000383333,0.003381
11/29/2023 1:17,215,246,25.7,0.000428333,0.0037779
11/29/2023 1:16,245,246,33.4,0.000556667,0.0049098
11/29/2023 1:14,220,245.5,31.2,0.00052,0.0045864
11/29/2023 1:13,146,243.7,22.4,0.000373333,0.0032928
11/29/2023 1:11,134,243.2,21.8,0.000363333,0.0032046
11/29/2023 1:10,174,246.9,21.9,0.000365,0.0032193
11/29/2023 1:09,274,248.4,35.4,0.00059,0.0052038
11/29/2023 1:06,289,246.9,44.2,0.000736667,0.0064974
11/29/2023 1:05,143,246.9,19.6,0.000326667,0.0028812
11/29/2023 1:04,207,246.5,25,0.000416667,0.003675
11/29/2023 1:02,197,245,34.1,0.000568333,0.0050127
11/29/2023 1:01,194,246.9,28.4,0.000473333,0.0041748
11/29/2023 0:59,113,245.5,16.2,0.00027,0.0023814
11/29/2023 0:58,172,246.9,32.6,0.000543333,0.0047922
11/29/2023 0:57,134,245.5,21.5,0.000358333,0.0031605
11/29/2023 0:54,157,245,23.1,0.000385,0.0033957
11/29/2023 0:50,112,244.1,14.4,0.00024,0.0021168
11/29/2023 0:48,123,244.6,19.9,0.000331667,0.0029253
11/29/2023 0:47,126,243.2,14.6,0.000243333,0.0021462
11/29/2023 0:46,200,243.7,37.1,0.000618333,0.0054537
11/29/2023 0:45,238,244.6,27.5,0.000458333,0.0040425
11/29/2023 0:44,173,246.5,20.2,0.000336667,0.0029694
11/29/2023 0:40,232,246,26.7,0.000445,0.0039249
11/29/2023 0:39,166,245.5,27.7,0.000461667,0.0040719
11/29/2023 0:37,199,244.6,30.4,0.000506667,0.0044688
11/29/2023 0:36,102,243.7,21,0.00035,0.003087
11/29/2023 0:34,132,244.1,20.7,0.000345,0.0030429
11/29/2023 0:31,262,245,40.6,0.000676667,0.0059682
11/29/2023 0:29,203,244.1,43.7,0.000728333,0.0064239
11/29/2023 0:27,233,246,29.2,0.000486667,0.0042924
11/29/2023 0:26,134,245.5,24.6,0.00041,0.0036162
11/29/2023 0:21,196,246,34.1,0.000568333,0.0050127
11/29/2023 0:20,131,244.6,22.5,0.000375,0.0033075
11/29/2023 0:19,246,245,30.6,0.00051,0.0044982
11/29/2023 0:18,165,245.5,27.6,0.00046,0.0040572
11/29/2023 0:17,228,244.6,34.7,0.000578333,0.0051009
11/29/2023 0:14,144,246,19.7,0.000328333,0.0028959
11/29/2023 0:12,154,245,22.5,0.000375,0.0033075
11/29/2023 0:10,199,244.6,35.9,0.000598333,0.0052773
11/29/2023 0:07,221,246,38.2,0.000636667,0.0056154
11/29/2023 0:06,184,245,36.1,0.000601667,0.0053067
11/29/2023 0:05,151,246.9,18,0.0003,0.002646
11/29/2023 0:04,152,244.6,18.9,0.000315,0.0027783
11/29/2023 0:01,167,243.7,19.6,0.000326667,0.0028812
11/29/2023 0:00,165,244.1,13.5,0.000225,0.0019845
11/30/2023 23:50,204,241.8,29.8,0.000496667,0.0043806
11/30/2023 23:29,212,241.4,30.3,0.000505,0.0044541
11/30/2023 23:13,123,239.1,14.6,0.000243333,0.0021462
11/30/2023 23:05,309,238.2,48.1,0.000801667,0.0070707
11/30/2023 23:04,210,236.1,30.1,0.000501667,0.0044247
11/30/2023 23:03,299,236.9,46.3,0.000771667,0.0068061
11/30/2023 22:59,231,238.7,33.2,0.000553333,0.0048804
11/30/2023 22:58,246,239.1,41.8,0.000696667,0.0061446
11/30/2023 22:52,254,238.7,37.7,0.000628333,0.0055419
11/30/2023 22:51,337,238.2,50.7,0.000845,0.0074529
11/30/2023 22:50,270,237.8,39.2,0.000653333,0.0057624
11/30/2023 22:48,275,236.9,41.2,0.000686667,0.0060564
11/30/2023 21:57,92,223.4,14.7,0.000245,0.0021609
11/30/2023 21:56,105,222.2,8.5,0.000141667,0.0012495
11/30/2023 21:55,118,223,11.6,0.000193333,0.0017052
11/30/2023 21:54,94,223,8.4,0.00014,0.0012348
11/30/2023 21:53,152,223,10.9,0.000181667,0.0016023
11/30/2023 21:52,105,221.8,13.5,0.000225,0.0019845
11/30/2023 21:51,99,223,9.4,0.000156667,0.0013818
11/30/2023 21:50,112,221.1,12.1,0.000201667,0.0017787
11/30/2023 21:49,103,223,11.6,0.000193333,0.0017052
11/30/2023 21:48,126,221.1,17.5,0.000291667,0.0025725
11/30/2023 21:46,158,220,13.4,0.000223333,0.0019698
11/30/2023 21:45,98,220,9.5,0.000158333,0.0013965
11/30/2023 21:44,114,219.2,11.2,0.000186667,0.0016464
11/30/2023 21:43,106,220.7,11.1,0.000185,0.0016317
11/30/2023 21:42,100,222.2,8.6,0.000143333,0.0012642
11/30/2023 21:41,130,221.8,13.4,0.000223333,0.0019698
11/30/2023 21:40,119,220.7,10.3,0.000171667,0.0015141
11/30/2023 21:39,118,222.2,9.4,0.000156667,0.0013818
11/30/2023 21:38,177,221.8,11.3,0.000188333,0.0016611
11/30/2023 21:37,106,220.7,11.5,0.000191667,0.0016905
11/30/2023 21:36,173,220.3,15.8,0.000263333,0.0023226
11/30/2023 21:33,102,221.8,8.3,0.000138333,0.0012201
11/30/2023 21:32,98,223.7,9.8,0.000163333,0.0014406
11/30/2023 21:31,190,223,16,0.000266667,0.002352
11/30/2023 21:30,109,222.6,11.2,0.000186667,0.0016464
11/30/2023 21:29,299,218.5,34.7,0.000578333,0.0051009
11/30/2023 20:49,226,217.7,23.6,0.000393333,0.0034692
11/30/2023 20:48,329,218.1,38.1,0.000635,0.0056007
11/30/2023 20:42,65,218.5,5.8,9.67E-05,0.0008526
11/30/2023 20:41,74,220,5.4,9.00E-05,0.0007938
11/30/2023 20:40,72,220.7,5.3,8.83E-05,0.0007791
11/30/2023 20:38,215,220.3,24.7,0.000411667,0.0036309
11/30/2023 20:37,135,218.5,11.7,0.000195,0.0017199
11/30/2023 20:36,437,219.2,57,0.00095,0.008379
11/30/2023 20:35,150,220,17.6,0.000293333,0.0025872
11/30/2023 20:34,200,219.6,24.9,0.000415,0.0036603
11/30/2023 20:31,103,222.2,10.3,0.000171667,0.0015141
11/30/2023 20:27,236,220,13.1,0.000218333,0.0019257
11/30/2023 20:26,108,221.8,23.8,0.000396667,0.0034986
11/30/2023 20:25,98,219.6,14.2,0.000236667,0.0020874
11/30/2023 20:24,114,220.3,13.5,0.000225,0.0019845
11/30/2023 20:23,117,220,21.7,0.000361667,0.0031899
11/30/2023 20:22,111,220.7,20.6,0.000343333,0.0030282
11/30/2023 20:21,103,220.7,10.1,0.000168333,0.0014847
11/30/2023 20:19,196,220.7,36.9,0.000615,0.0054243
11/30/2023 20:18,148,222.2,11.7,0.000195,0.0017199
11/30/2023 20:17,100,220.3,12.5,0.000208333,0.0018375
11/30/2023 20:16,118,221.8,21.8,0.000363333,0.0032046
11/30/2023 20:15,301,221.8,37.8,0.00063,0.0055566
11/30/2023 20:14,198,220.3,18.3,0.000305,0.0026901
11/30/2023 20:13,128,222.2,12.5,0.000208333,0.0018375
11/30/2023 20:12,115,221.1,13.5,0.000225,0.0019845
11/30/2023 20:11,109,221.8,13.1,0.000218333,0.0019257
11/30/2023 20:09,262,222.6,30.3,0.000505,0.0044541
11/30/2023 20:08,130,223.7,14.4,0.00024,0.0021168
11/30/2023 20:07,115,222.2,10.3,0.000171667,0.0015141
11/30/2023 20:05,106,223,10.6,0.000176667,0.0015582
11/30/2023 20:04,203,219.6,22,0.000366667,0.003234
11/30/2023 20:03,111,221.1,12.3,0.000205,0.0018081
11/30/2023 20:02,105,221.1,10.7,0.000178333,0.0015729
11/30/2023 20:01,214,221.8,25.8,0.00043,0.0037926
11/30/2023 19:59,201,222.6,14.2,0.000236667,0.0020874
11/30/2023 19:58,227,222.6,27.7,0.000461667,0.0040719
11/30/2023 19:56,190,221.1,21.2,0.000353333,0.0031164
11/30/2023 19:55,114,219.6,12.2,0.000203333,0.0017934
11/30/2023 19:54,211,220.3,22.7,0.000378333,0.0033369
11/30/2023 19:53,226,222.2,30.5,0.000508333,0.0044835
11/30/2023 19:47,202,223.7,12,0.0002,0.001764
11/30/2023 19:46,170,220.7,15.5,0.000258333,0.0022785
11/30/2023 19:44,108,221.8,11.2,0.000186667,0.0016464
11/30/2023 19:43,143,221.8,15.2,0.000253333,0.0022344
11/30/2023 19:42,176,221.8,19,0.000316667,0.002793
11/30/2023 19:41,105,222.2,10.3,0.000171667,0.0015141
11/30/2023 19:40,137,220.7,13,0.000216667,0.001911
11/30/2023 19:39,164,222.6,16,0.000266667,0.002352
11/30/2023 19:38,259,221.1,27,0.00045,0.003969
11/30/2023 19:37,225,220.7,18.4,0.000306667,0.0027048
11/30/2023 19:36,226,218.5,24.7,0.000411667,0.0036309
11/30/2023 19:35,162,219.6,13.9,0.000231667,0.0020433
11/30/2023 19:34,162,220,18.3,0.000305,0.0026901
11/30/2023 19:33,154,217.7,14,0.000233333,0.002058
11/30/2023 19:32,181,219.2,19.5,0.000325,0.0028665
11/30/2023 19:31,340,220,28,0.000466667,0.004116
11/30/2023 19:28,146,219.6,13,0.000216667,0.001911
11/30/2023 19:27,181,217.4,19.7,0.000328333,0.0028959
11/30/2023 19:26,195,218.5,24.8,0.000413333,0.0036456
11/30/2023 19:25,146,217.7,12.8,0.000213333,0.0018816
11/30/2023 19:24,142,220,14.4,0.00024,0.0021168
11/30/2023 19:20,230,220.3,28.8,0.00048,0.0042336
11/30/2023 19:19,214,218.1,23.5,0.000391667,0.0034545
11/30/2023 19:18,260,217.7,13.8,0.00023,0.0020286
11/30/2023 19:17,212,218.5,13.6,0.000226667,0.0019992
11/30/2023 19:16,189,217.7,23.5,0.000391667,0.0034545
11/30/2023 19:13,161,218.1,14.7,0.000245,0.0021609
11/30/2023 19:12,137,217.7,13.5,0.000225,0.0019845
11/30/2023 19:11,267,218.5,30.7,0.000511667,0.0045129
11/30/2023 19:10,174,219.6,17.9,0.000298333,0.0026313
11/30/2023 19:09,143,217.7,14.2,0.000236667,0.0020874
11/30/2023 19:08,195,219.2,19,0.000316667,0.002793
11/30/2023 19:06,187,220,13.8,0.00023,0.0020286
11/30/2023 19:05,185,220.3,18.5,0.000308333,0.0027195
11/30/2023 19:04,225,221.1,29.4,0.00049,0.0043218
11/30/2023 19:03,176,222.6,19.6,0.000326667,0.0028812
11/30/2023 19:02,267,218.5,34.7,0.000578333,0.0051009
11/30/2023 19:00,220,221.1,22.1,0.000368333,0.0032487
11/30/2023 18:59,230,220.7,29.7,0.000495,0.0043659
11/30/2023 18:46,223,220,24.1,0.000401667,0.0035427
11/30/2023 18:45,302,220.3,34.7,0.000578333,0.0051009
11/30/2023 18:43,170,223,13.1,0.000218333,0.0019257
11/30/2023 18:42,297,222.2,27.3,0.000455,0.0040131
11/30/2023 18:41,160,223,17.7,0.000295,0.0026019
11/30/2023 18:40,116,222.6,15.5,0.000258333,0.0022785
11/30/2023 18:39,261,223,27.5,0.000458333,0.0040425
11/30/2023 18:36,185,222.6,20.8,0.000346667,0.0030576
11/30/2023 18:35,143,223,13.4,0.000223333,0.0019698
11/30/2023 18:34,227,223,25.1,0.000418333,0.0036897
11/30/2023 18:29,178,223.4,15.9,0.000265,0.0023373
11/30/2023 18:28,284,224.1,34.2,0.00057,0.0050274
11/30/2023 18:26,303,222.2,35.8,0.000596667,0.0052626
11/30/2023 18:23,210,223,22.2,0.00037,0.0032634
11/30/2023 18:19,174,222.6,20.2,0.000336667,0.0029694
11/30/2023 18:13,144,224.1,16.3,0.000271667,0.0023961
11/30/2023 18:07,183,223.4,18.3,0.000305,0.0026901
11/30/2023 18:04,154,223,16.8,0.00028,0.0024696
11/30/2023 18:02,135,222.2,14.9,0.000248333,0.0021903
11/30/2023 18:01,148,223,18.3,0.000305,0.0026901
11/30/2023 18:00,149,224.1,16.7,0.000278333,0.0024549
11/30/2023 17:58,138,222.2,13.5,0.000225,0.0019845
11/30/2023 17:54,155,223,14.2,0.000236667,0.0020874
11/30/2023 17:53,275,221.1,35.9,0.000598333,0.0052773
11/30/2023 17:49,156,221.8,16.2,0.00027,0.0023814
11/30/2023 17:45,177,220,18.4,0.000306667,0.0027048
11/30/2023 17:44,157,220.3,15.6,0.00026,0.0022932
11/30/2023 17:43,128,220.7,11.4,0.00019,0.0016758
11/30/2023 17:39,115,221.8,13.2,0.00022,0.0019404
11/30/2023 17:35,135,220,13.8,0.00023,0.0020286
11/30/2023 17:34,200,220.7,20.6,0.000343333,0.0030282
11/30/2023 17:27,119,222.2,13.2,0.00022,0.0019404
11/30/2023 17:26,126,221.1,14.7,0.000245,0.0021609
11/30/2023 17:20,140,220.7,14,0.000233333,0.002058
11/30/2023 17:19,164,222.2,20.3,0.000338333,0.0029841
11/30/2023 17:18,241,219.6,28.7,0.000478333,0.0042189
11/30/2023 17:16,255,220.7,29.4,0.00049,0.0043218
11/30/2023 17:15,173,219.2,21,0.00035,0.003087
11/30/2023 17:14,315,218.5,27,0.00045,0.003969
11/30/2023 17:10,143,220.7,12.6,0.00021,0.0018522
11/30/2023 17:09,310,219.2,28.8,0.00048,0.0042336
11/30/2023 17:08,163,221.1,24.9,0.000415,0.0036603
11/30/2023 17:07,248,221.1,38.3,0.000638333,0.0056301
11/30/2023 17:06,160,221.8,13.3,0.000221667,0.0019551
11/30/2023 17:02,147,220,12.8,0.000213333,0.0018816
11/30/2023 16:59,303,219.6,39.4,0.000656667,0.0057918
11/30/2023 16:58,275,221.1,27.8,0.000463333,0.0040866
11/30/2023 16:54,177,221.8,20.6,0.000343333,0.0030282
11/30/2023 16:52,187,219.6,20.1,0.000335,0.0029547
11/30/2023 16:51,199,220.3,25.5,0.000425,0.0037485
11/30/2023 16:50,321,221.1,33,0.00055,0.004851
11/30/2023 16:49,380,220.7,39.4,0.000656667,0.0057918
11/30/2023 16:47,166,219.2,11.1,0.000185,0.0016317
11/30/2023 16:42,184,219.2,14.7,0.000245,0.0021609
11/30/2023 16:40,118,220,25.9,0.000431667,0.0038073
11/30/2023 16:38,266,219.2,40.6,0.000676667,0.0059682
11/30/2023 16:37,168,219.2,20.9,0.000348333,0.0030723
11/30/2023 16:36,202,219.6,12.7,0.000211667,0.0018669
11/30/2023 16:35,475,217.7,51.3,0.000855,0.0075411
11/30/2023 16:34,247,217.4,30.7,0.000511667,0.0045129
11/30/2023 16:33,331,215.6,40.7,0.000678333,0.0059829
11/30/2023 15:48,0,220.7,0,0,0
11/30/2023 14:24,0,218.5,0,0,0
11/30/2023 14:23,175,213.4,18.4,0.000306667,0.0027048
11/30/2023 14:22,198,215.6,27.4,0.000456667,0.0040278
11/30/2023 14:20,183,214.9,11.9,0.000198333,0.0017493
11/30/2023 14:17,203,209.6,19.9,0.000331667,0.0029253
11/30/2023 14:15,202,211.4,18.9,0.000315,0.0027783
11/30/2023 14:10,313,213.4,34.8,0.00058,0.0051156
11/30/2023 14:07,225,213.1,25.3,0.000421667,0.0037191
11/30/2023 14:06,188,216.3,19.4,0.000323333,0.0028518
11/30/2023 11:51,247,228.5,26.9,0.000448333,0.0039543
11/30/2023 11:50,245,229.3,24.8,0.000413333,0.0036456
11/30/2023 11:49,242,230.6,39.8,0.000663333,0.0058506
11/30/2023 11:48,136,229.8,15.7,0.000261667,0.0023079
11/30/2023 11:46,178,229.3,21.2,0.000353333,0.0031164
11/30/2023 11:45,281,227.7,32.7,0.000545,0.0048069
11/30/2023 11:44,286,228.5,23,0.000383333,0.003381
11/30/2023 11:43,155,229.3,18.2,0.000303333,0.0026754
11/30/2023 11:41,256,228.9,37.6,0.000626667,0.0055272
11/30/2023 11:39,265,226.5,38.4,0.00064,0.0056448
11/30/2023 11:38,245,227.7,23,0.000383333,0.003381
11/30/2023 11:36,221,228.5,25.2,0.00042,0.0037044
11/30/2023 11:35,246,229.8,32.4,0.00054,0.0047628
11/30/2023 11:33,201,226.9,24.3,0.000405,0.0035721
11/30/2023 11:32,199,226.5,23.9,0.000398333,0.0035133
11/30/2023 11:31,356,226.9,48.8,0.000813333,0.0071736
11/30/2023 11:30,131,227.7,15.3,0.000255,0.0022491
11/30/2023 11:27,209,228.9,25.5,0.000425,0.0037485
11/30/2023 11:25,141,229.3,19.5,0.000325,0.0028665
11/30/2023 11:24,176,228.9,21.4,0.000356667,0.0031458
11/30/2023 11:22,169,229.3,17.3,0.000288333,0.0025431
11/30/2023 11:13,163,229.3,17,0.000283333,0.002499
11/30/2023 11:12,177,229.8,18.8,0.000313333,0.0027636
11/30/2023 11:11,220,228.9,21.9,0.000365,0.0032193
11/30/2023 11:09,171,229.8,17.9,0.000298333,0.0026313
11/30/2023 11:07,156,229.3,19,0.000316667,0.002793
11/30/2023 11:04,169,229.8,18.2,0.000303333,0.0026754
11/30/2023 11:02,143,228.5,16.7,0.000278333,0.0024549
11/30/2023 11:01,305,227.3,48.2,0.000803333,0.0070854
11/30/2023 10:59,536,227.3,61,0.001016667,0.008967
11/30/2023 10:58,0,0,0,0,0
11/30/2023 3:33,336,246,36.3,0.000605,0.0053361
11/30/2023 3:29,204,245.5,28.8,0.00048,0.0042336
11/30/2023 3:26,188,246.5,31,0.000516667,0.004557
11/30/2023 3:25,179,245,27.7,0.000461667,0.0040719
11/30/2023 3:20,150,248.4,27.3,0.000455,0.0040131
11/30/2023 3:19,120,248.8,16.5,0.000275,0.0024255
11/30/2023 3:18,171,246.5,23.4,0.00039,0.0034398
11/30/2023 3:17,202,246,32.9,0.000548333,0.0048363
11/30/2023 3:16,299,247.4,49.1,0.000818333,0.0072177
11/30/2023 3:15,103,246.9,12.2,0.000203333,0.0017934
11/30/2023 3:14,140,247.4,22.8,0.00038,0.0033516
11/30/2023 3:12,162,245.5,27.1,0.000451667,0.0039837
11/30/2023 3:11,222,246,31.2,0.00052,0.0045864
11/30/2023 3:07,143,245,22.3,0.000371667,0.0032781
11/30/2023 3:06,202,244.1,29.6,0.000493333,0.0043512
11/30/2023 3:05,311,243.7,49.6,0.000826667,0.0072912
11/30/2023 3:03,344,245.5,50.6,0.000843333,0.0074382
11/30/2023 2:58,155,246.9,21.1,0.000351667,0.0031017
11/30/2023 2:57,203,245,26.9,0.000448333,0.0039543
11/30/2023 2:56,191,246.5,30.4,0.000506667,0.0044688
11/30/2023 2:54,299,244.1,45.4,0.000756667,0.0066738
11/30/2023 2:52,179,244.1,24.1,0.000401667,0.0035427
11/30/2023 2:51,380,246.5,56.2,0.000936667,0.0082614
11/30/2023 2:50,223,244.1,24.8,0.000413333,0.0036456
11/30/2023 2:49,166,245,25,0.000416667,0.003675
11/30/2023 2:48,236,245.5,32,0.000533333,0.004704
11/30/2023 2:47,214,245.5,27.7,0.000461667,0.0040719
11/30/2023 2:46,312,246.5,44.3,0.000738333,0.0065121
11/30/2023 2:45,268,246.9,32,0.000533333,0.004704
11/30/2023 2:44,336,246,48.7,0.000811667,0.0071589
11/30/2023 2:40,133,244.1,20.7,0.000345,0.0030429
11/30/2023 2:39,158,243.2,23.7,0.000395,0.0034839
11/30/2023 2:37,172,244.6,24.4,0.000406667,0.0035868
11/30/2023 2:35,179,245,24.5,0.000408333,0.0036015
11/30/2023 2:34,164,244.6,14.6,0.000243333,0.0021462
11/30/2023 2:33,307,245,43.7,0.000728333,0.0064239
11/30/2023 2:28,129,244.1,16.7,0.000278333,0.0024549
11/30/2023 2:27,288,245,34.1,0.000568333,0.0050127
11/30/2023 2:25,173,243.7,27.4,0.000456667,0.0040278
11/30/2023 2:24,163,244.6,26.1,0.000435,0.0038367
11/30/2023 2:23,165,245.5,23.1,0.000385,0.0033957
11/30/2023 2:20,131,244.6,20,0.000333333,0.00294
11/30/2023 2:14,221,244.1,33.3,0.000555,0.0048951
11/30/2023 2:09,188,245,26.2,0.000436667,0.0038514
11/30/2023 2:08,147,245,30.9,0.000515,0.0045423
11/30/2023 2:07,309,244.1,43.6,0.000726667,0.0064092
11/30/2023 2:06,323,244.1,41.3,0.000688333,0.0060711
11/30/2023 2:04,169,245,26.8,0.000446667,0.0039396
11/30/2023 2:02,122,245,14.4,0.00024,0.0021168
11/30/2023 1:51,178,244.1,20.5,0.000341667,0.0030135
11/30/2023 1:46,158,243.2,25.4,0.000423333,0.0037338
11/30/2023 1:41,167,242.3,20,0.000333333,0.00294
11/30/2023 1:40,299,243.7,43.7,0.000728333,0.0064239
11/30/2023 1:37,131,242.3,18.2,0.000303333,0.0026754
11/30/2023 1:35,145,243.2,19.5,0.000325,0.0028665
11/30/2023 1:32,133,243.7,18.7,0.000311667,0.0027489
11/30/2023 1:28,119,243.2,14.3,0.000238333,0.0021021
11/30/2023 1:27,261,242.3,34.7,0.000578333,0.0051009
11/30/2023 1:26,170,242.3,22.3,0.000371667,0.0032781
11/30/2023 1:25,269,243.2,38.4,0.00064,0.0056448
11/30/2023 1:24,109,242.3,17.2,0.000286667,0.0025284
11/30/2023 1:23,145,242.7,19.5,0.000325,0.0028665
11/30/2023 1:20,146,242.7,18.4,0.000306667,0.0027048
11/30/2023 1:18,176,243.2,22.8,0.00038,0.0033516
11/30/2023 1:17,143,243.7,18.3,0.000305,0.0026901
11/30/2023 1:15,151,243.2,18.7,0.000311667,0.0027489
11/30/2023 1:14,146,242.7,19.9,0.000331667,0.0029253
11/30/2023 1:09,145,243.2,15.5,0.000258333,0.0022785
11/30/2023 1:07,155,242.3,26.2,0.000436667,0.0038514
11/30/2023 1:05,145,243.7,25.3,0.000421667,0.0037191
11/30/2023 1:04,134,243.2,18.5,0.000308333,0.0027195
11/30/2023 1:00,111,242.7,13.7,0.000228333,0.0020139
11/30/2023 0:58,117,243.7,15.1,0.000251667,0.0022197
11/30/2023 0:56,144,242.7,24.6,0.00041,0.0036162
11/30/2023 0:55,161,243.2,21.8,0.000363333,0.0032046
11/30/2023 0:53,121,244.1,15.3,0.000255,0.0022491
11/30/2023 0:50,216,243.7,32.1,0.000535,0.0047187
11/30/2023 0:36,115,243.2,14.6,0.000243333,0.0021462
11/30/2023 0:32,153,242.3,18.2,0.000303333,0.0026754
11/30/2023 0:31,124,240.9,15.1,0.000251667,0.0022197
11/30/2023 0:28,220,240.5,32,0.000533333,0.004704
11/30/2023 0:25,111,242.3,13.5,0.000225,0.0019845
11/30/2023 0:24,124,242.7,13.4,0.000223333,0.0019698
11/30/2023 0:23,267,241.8,34.4,0.000573333,0.0050568
11/30/2023 0:22,112,241.4,14.6,0.000243333,0.0021462
11/30/2023 0:21,110,240.5,13.4,0.000223333,0.0019698
11/30/2023 0:20,226,241.8,24.8,0.000413333,0.0036456
11/30/2023 0:19,194,239.1,32.5,0.000541667,0.0047775
11/30/2023 0:18,116,242.7,14.9,0.000248333,0.0021903
11/30/2023 0:17,112,243.2,25.4,0.000423333,0.0037338
11/30/2023 0:15,110,243.7,13.5,0.000225,0.0019845
11/30/2023 0:13,346,243.7,39.4,0.000656667,0.0057918
11/30/2023 0:10,160,243.2,23.9,0.000398333,0.0035133
11/30/2023 0:09,157,242.7,19.6,0.000326667,0.0028812
11/30/2023 0:08,104,243.2,13.6,0.000226667,0.0019992
11/30/2023 0:07,115,241.8,14.6,0.000243333,0.0021462
11/30/2023 0:06,218,242.7,28.7,0.000478333,0.0042189
11/30/2023 0:05,113,242.3,16,0.000266667,0.002352
11/30/2023 0:03,122,240.5,15.9,0.000265,0.0023373
11/30/2023 0:02,113,241.4,14.3,0.000238333,0.0021021
11/30/2023 0:01,107,241.4,12.9,0.000215,0.0018963
11/30/2023 0:00,112,240.9,20.7,0.000345,0.0030429
12/01/2023 23:11,0,239.6,0,0,0
12/01/2023 23:10,276,239.1,44.2,0.000736667,0.0064974
12/01/2023 23:08,139,238.2,17.7,0.000295,0.0026019
12/01/2023 23:06,141,239.6,18.3,0.000305,0.0026901
12/01/2023 23:05,139,239.1,18.4,0.000306667,0.0027048
12/01/2023 23:04,138,238.7,17.9,0.000298333,0.0026313
12/01/2023 23:02,148,235.6,18.8,0.000313333,0.0027636
12/01/2023 22:54,133,240,17.6,0.000293333,0.0025872
12/01/2023 22:49,182,236.5,21.5,0.000358333,0.0031605
12/01/2023 22:36,175,236.9,20.1,0.000335,0.0029547
12/01/2023 22:32,147,235.6,16.3,0.000271667,0.0023961
12/01/2023 22:25,169,236.1,20.4,0.00034,0.0029988
12/01/2023 22:24,218,235.2,27.8,0.000463333,0.0040866
12/01/2023 22:23,229,238.2,30.3,0.000505,0.0044541
12/01/2023 22:21,170,234.8,21.4,0.000356667,0.0031458
12/01/2023 22:20,212,236.5,28.1,0.000468333,0.0041307
12/01/2023 22:19,165,236.9,23.9,0.000398333,0.0035133
12/01/2023 22:18,146,234.8,18.1,0.000301667,0.0026607
12/01/2023 22:16,218,236.5,28,0.000466667,0.004116
12/01/2023 22:15,206,235.6,27.8,0.000463333,0.0040866
12/01/2023 22:14,179,235.2,18.2,0.000303333,0.0026754
12/01/2023 22:13,235,238.7,28.7,0.000478333,0.0042189
12/01/2023 22:12,201,236.5,22.5,0.000375,0.0033075
12/01/2023 22:11,192,237.8,27.7,0.000461667,0.0040719
12/01/2023 22:10,170,239.6,22.8,0.00038,0.0033516
12/01/2023 22:05,218,236.1,29.1,0.000485,0.0042777
12/01/2023 22:04,236,239.6,30.2,0.000503333,0.0044394
12/01/2023 22:03,212,236.5,27.4,0.000456667,0.0040278
12/01/2023 21:59,223,239.1,34.1,0.000568333,0.0050127
12/01/2023 21:58,192,240.5,22.6,0.000376667,0.0033222
12/01/2023 21:56,225,238.2,27.6,0.00046,0.0040572
12/01/2023 21:52,222,238.2,30.6,0.00051,0.0044982
12/01/2023 21:51,316,240.9,50.8,0.000846667,0.0074676
12/01/2023 21:50,147,241.4,16.3,0.000271667,0.0023961
12/01/2023 21:49,258,241.8,39.2,0.000653333,0.0057624
12/01/2023 21:46,166,238.2,24.2,0.000403333,0.0035574
12/01/2023 21:39,269,240.5,38.5,0.000641667,0.0056595
12/01/2023 21:37,236,240,38.1,0.000635,0.0056007
12/01/2023 21:33,160,236.9,21.3,0.000355,0.0031311
12/01/2023 21:24,232,235.2,31,0.000516667,0.004557
12/01/2023 21:21,192,236.1,21.9,0.000365,0.0032193
12/01/2023 21:14,220,236.5,30.1,0.000501667,0.0044247
12/01/2023 21:13,268,237.8,37,0.000616667,0.005439
12/01/2023 21:07,246,236.9,35.3,0.000588333,0.0051891
12/01/2023 21:04,205,237.4,28.3,0.000471667,0.0041601
12/01/2023 20:58,225,238.2,25.2,0.00042,0.0037044
12/01/2023 20:54,202,237.4,28.9,0.000481667,0.0042483
12/01/2023 20:46,222,237.8,28.1,0.000468333,0.0041307
12/01/2023 20:38,259,236.9,36.7,0.000611667,0.0053949
12/01/2023 20:33,245,236.1,40.7,0.000678333,0.0059829
12/01/2023 20:27,305,236.9,40,0.000666667,0.00588
12/01/2023 20:24,209,236.1,26.5,0.000441667,0.0038955
12/01/2023 20:23,262,238.7,36.4,0.000606667,0.0053508
12/01/2023 20:21,343,237.4,34.7,0.000578333,0.0051009
12/01/2023 20:19,191,236.9,26.1,0.000435,0.0038367
12/01/2023 20:17,202,238.2,28.1,0.000468333,0.0041307
12/01/2023 20:15,206,236.1,25.9,0.000431667,0.0038073
12/01/2023 20:14,230,239.1,29.2,0.000486667,0.0042924
12/01/2023 20:12,219,236.5,31.2,0.00052,0.0045864
12/01/2023 20:09,221,235.2,27.9,0.000465,0.0041013
12/01/2023 20:07,260,236.1,36.3,0.000605,0.0053361
12/01/2023 20:06,199,237.8,26.1,0.000435,0.0038367
12/01/2023 20:05,227,238.7,25.7,0.000428333,0.0037779
12/01/2023 20:04,215,237.8,31.9,0.000531667,0.0046893
12/01/2023 20:03,241,237.4,32.6,0.000543333,0.0047922
12/01/2023 20:00,211,237.8,28.8,0.00048,0.0042336
12/01/2023 19:59,339,237.4,40.5,0.000675,0.0059535
12/01/2023 19:58,221,238.2,28.4,0.000473333,0.0041748
12/01/2023 19:57,249,239.1,31.7,0.000528333,0.0046599
12/01/2023 19:56,185,238.7,25.7,0.000428333,0.0037779
12/01/2023 19:55,339,237.4,49.7,0.000828333,0.0073059
12/01/2023 19:52,215,237.4,35.3,0.000588333,0.0051891
12/01/2023 19:50,250,236.5,30.6,0.00051,0.0044982
12/01/2023 19:48,195,237.4,27.3,0.000455,0.0040131
12/01/2023 19:45,184,237.8,19.7,0.000328333,0.0028959
12/01/2023 19:44,183,237.4,14.2,0.000236667,0.0020874
12/01/2023 19:42,322,237.4,33.3,0.000555,0.0048951
12/01/2023 19:41,181,237.8,24.1,0.000401667,0.0035427
12/01/2023 19:40,209,237.4,28.4,0.000473333,0.0041748
12/01/2023 19:37,245,236.9,34.4,0.000573333,0.0050568
12/01/2023 19:36,213,235.6,27.2,0.000453333,0.0039984
12/01/2023 19:35,177,236.9,19.3,0.000321667,0.0028371
12/01/2023 19:31,158,236.5,20,0.000333333,0.00294
12/01/2023 19:29,210,237.8,25.2,0.00042,0.0037044
12/01/2023 19:28,309,236.9,38.6,0.000643333,0.0056742
12/01/2023 19:26,181,237.4,22.4,0.000373333,0.0032928
12/01/2023 19:25,247,238.7,32.8,0.000546667,0.0048216
12/01/2023 19:24,237,237.8,30.3,0.000505,0.0044541
12/01/2023 19:20,350,240.5,37.5,0.000625,0.0055125
12/01/2023 19:16,249,238.7,31.2,0.00052,0.0045864
12/01/2023 19:14,211,239.6,30.6,0.00051,0.0044982
12/01/2023 19:04,311,240,36.1,0.000601667,0.0053067
12/01/2023 19:02,281,239.6,42.9,0.000715,0.0063063
12/01/2023 18:58,200,235.6,23.7,0.000395,0.0034839
12/01/2023 18:57,215,238.2,32.1,0.000535,0.0047187
12/01/2023 18:55,217,234.8,30.4,0.000506667,0.0044688
12/01/2023 18:50,195,237.4,24.5,0.000408333,0.0036015
12/01/2023 18:49,215,237.8,29.9,0.000498333,0.0043953
12/01/2023 18:48,265,236.5,35.6,0.000593333,0.0052332
12/01/2023 18:47,253,236.9,46.5,0.000775,0.0068355
12/01/2023 18:46,203,237.4,29.8,0.000496667,0.0043806
12/01/2023 18:45,277,236.5,34.4,0.000573333,0.0050568
12/01/2023 18:44,305,236.9,43,0.000716667,0.006321
12/01/2023 18:41,239,238.2,31.4,0.000523333,0.0046158
12/01/2023 18:40,171,238.2,20,0.000333333,0.00294
12/01/2023 18:39,288,236.1,42,0.0007,0.006174
12/01/2023 18:34,187,237.8,14.4,0.00024,0.0021168
12/01/2023 18:33,171,237.4,20.6,0.000343333,0.0030282
12/01/2023 18:31,144,239.6,14.6,0.000243333,0.0021462
12/01/2023 18:30,148,237.8,18.1,0.000301667,0.0026607
12/01/2023 18:29,140,237.4,18,0.0003,0.002646
12/01/2023 18:27,221,237.8,31.5,0.000525,0.0046305
12/01/2023 18:26,321,238.2,42.6,0.00071,0.0062622
12/01/2023 18:24,238,239.1,30.7,0.000511667,0.0045129
12/01/2023 18:21,280,239.1,37.2,0.00062,0.0054684
12/01/2023 18:20,276,238.7,41.8,0.000696667,0.0061446
12/01/2023 18:17,384,239.6,53.8,0.000896667,0.0079086
12/01/2023 18:15,238,242.7,32.1,0.000535,0.0047187
12/01/2023 18:13,265,241.4,36.6,0.00061,0.0053802
12/01/2023 18:12,339,240.9,48.4,0.000806667,0.0071148
12/01/2023 17:49,392,238.7,52.9,0.000881667,0.0077763
12/01/2023 17:14,127,235.6,14.6,0.000243333,0.0021462
12/01/2023 17:13,203,238.7,35.6,0.000593333,0.0052332
12/01/2023 17:09,117,237.4,14.6,0.000243333,0.0021462
12/01/2023 17:07,145,236.9,17.7,0.000295,0.0026019
12/01/2023 17:06,216,238.2,30.2,0.000503333,0.0044394
12/01/2023 15:27,90,238.7,10,0.000166667,0.00147
12/01/2023 14:28,203,233.9,31.1,0.000518333,0.0045717
12/01/2023 14:27,193,234.8,25.4,0.000423333,0.0037338
12/01/2023 13:45,77,237.4,7.9,0.000131667,0.0011613
12/01/2023 13:39,74,236.1,8.5,0.000141667,0.0012495
12/01/2023 13:13,192,236.5,26.4,0.00044,0.0038808
12/01/2023 12:48,221,232.2,28.5,0.000475,0.0041895
12/01/2023 12:47,351,231.8,43,0.000716667,0.006321
12/01/2023 12:42,271,230.2,34.2,0.00057,0.0050274
12/01/2023 12:40,179,230.6,20.4,0.00034,0.0029988
12/01/2023 12:39,220,231.4,26.9,0.000448333,0.0039543
12/01/2023 12:38,104,231,10,0.000166667,0.00147
12/01/2023 12:37,110,230.2,13.7,0.000228333,0.0020139
12/01/2023 12:36,93,231.8,12.1,0.000201667,0.0017787
12/01/2023 12:35,291,230.6,43.8,0.00073,0.0064386
12/01/2023 12:34,109,229.3,8.7,0.000145,0.0012789
12/01/2023 12:33,96,229.3,11,0.000183333,0.001617
12/01/2023 12:32,106,230.2,23.3,0.000388333,0.0034251
12/01/2023 12:31,104,229.8,10.9,0.000181667,0.0016023
12/01/2023 12:29,135,231,15.8,0.000263333,0.0023226
12/01/2023 12:27,324,231,46.6,0.000776667,0.0068502
12/01/2023 12:14,246,232.2,32.5,0.000541667,0.0047775
12/01/2023 12:12,121,229.8,14.6,0.000243333,0.0021462
12/01/2023 12:11,118,228.5,12.5,0.000208333,0.0018375
12/01/2023 12:09,225,229.3,31.4,0.000523333,0.0046158
12/01/2023 12:07,254,228.5,31.1,0.000518333,0.0045717
12/01/2023 12:06,235,228.9,31.5,0.000525,0.0046305
12/01/2023 12:03,253,230.2,37.2,0.00062,0.0054684
12/01/2023 12:02,119,230.2,14.6,0.000243333,0.0021462
12/01/2023 12:00,294,229.8,38.3,0.000638333,0.0056301
12/01/2023 11:59,238,226.9,34.5,0.000575,0.0050715
12/01/2023 11:54,115,228.5,14,0.000233333,0.002058
12/01/2023 11:29,117,231.4,12.2,0.000203333,0.0017934
12/01/2023 11:11,139,230.2,17.7,0.000295,0.0026019
12/01/2023 11:01,323,232.2,44,0.000733333,0.006468
12/01/2023 10:13,259,231,31,0.000516667,0.004557
12/01/2023 10:12,163,231.8,22.8,0.00038,0.0033516
12/01/2023 10:11,250,230.6,30,0.0005,0.00441
12/01/2023 10:08,113,230.6,13,0.000216667,0.001911
12/01/2023 9:35,133,231.4,14.6,0.000243333,0.0021462
12/01/2023 9:16,218,235.2,32.5,0.000541667,0.0047775
12/01/2023 9:13,178,235.6,21.2,0.000353333,0.0031164
12/01/2023 9:12,197,235.2,24.5,0.000408333,0.0036015
12/01/2023 9:06,165,234.8,19.4,0.000323333,0.0028518
12/01/2023 8:58,135,236.9,16.9,0.000281667,0.0024843
12/01/2023 8:54,209,237.4,23.7,0.000395,0.0034839
12/01/2023 8:53,443,236.5,64.1,0.001068333,0.0094227
12/01/2023 0:50,0,240.9,0,0,0
12/01/2023 0:49,113,241.8,15.2,0.000253333,0.0022344
12/01/2023 0:05,205,240.5,30.9,0.000515,0.0045423
12/02/2023 23:53,143,241.8,16.8,0.00028,0.0024696
12/02/2023 23:52,314,243.2,44.1,0.000735,0.0064827
12/02/2023 23:49,128,241.4,16.5,0.000275,0.0024255
12/02/2023 23:44,124,241.8,15.7,0.000261667,0.0023079
12/02/2023 23:39,128,242.3,16.8,0.00028,0.0024696
12/02/2023 23:33,251,241.4,38.7,0.000645,0.0056889
12/02/2023 23:13,225,237.4,32.5,0.000541667,0.0047775
12/02/2023 23:08,130,238.7,16.7,0.000278333,0.0024549
12/02/2023 22:58,125,241.4,15.5,0.000258333,0.0022785
12/02/2023 22:57,235,240.5,34,0.000566667,0.004998
12/02/2023 22:55,292,241.8,44.6,0.000743333,0.0065562
12/02/2023 22:54,271,243.2,42.7,0.000711667,0.0062769
12/02/2023 22:49,124,242.3,15.3,0.000255,0.0022491
12/02/2023 22:47,210,243.2,28.2,0.00047,0.0041454
12/02/2023 22:44,150,242.7,21.4,0.000356667,0.0031458
12/02/2023 22:43,192,244.1,22.5,0.000375,0.0033075
12/02/2023 22:42,164,242.7,20.4,0.00034,0.0029988
12/02/2023 22:24,134,243.7,17.2,0.000286667,0.0025284
12/02/2023 22:23,135,243.2,21.3,0.000355,0.0031311
12/02/2023 21:51,144,240.9,17.6,0.000293333,0.0025872
12/02/2023 21:31,167,239.6,23.6,0.000393333,0.0034692
12/02/2023 21:30,440,240,55.4,0.000923333,0.0081438
12/02/2023 21:27,156,241.4,25.6,0.000426667,0.0037632
12/02/2023 21:26,147,240,21,0.00035,0.003087
12/02/2023 21:25,140,240,19.2,0.00032,0.0028224
12/02/2023 21:23,248,238.2,31.1,0.000518333,0.0045717
12/02/2023 21:22,181,237.8,18,0.0003,0.002646
12/02/2023 21:19,154,237.4,17.3,0.000288333,0.0025431
12/02/2023 21:18,247,238.2,34.2,0.00057,0.0050274
12/02/2023 21:13,151,237.8,19.6,0.000326667,0.0028812
12/02/2023 21:12,250,236.1,35.6,0.000593333,0.0052332
12/02/2023 21:11,186,236.1,24.8,0.000413333,0.0036456
12/02/2023 21:10,324,236.9,40.9,0.000681667,0.0060123
12/02/2023 21:09,314,235.6,38.6,0.000643333,0.0056742
12/02/2023 21:07,150,236.1,20.8,0.000346667,0.0030576
12/02/2023 20:57,149,239.1,17.9,0.000298333,0.0026313
12/02/2023 20:53,157,239.6,21.1,0.000351667,0.0031017
12/02/2023 20:52,177,239.1,29.7,0.000495,0.0043659
12/02/2023 20:47,152,237.4,18.4,0.000306667,0.0027048
12/02/2023 20:46,237,237.8,23.3,0.000388333,0.0034251
12/02/2023 20:43,159,237.4,27.6,0.00046,0.0040572
12/02/2023 20:42,149,237.8,21.5,0.000358333,0.0031605
12/02/2023 20:41,254,236.5,33.1,0.000551667,0.0048657
12/02/2023 20:39,165,236.1,23.3,0.000388333,0.0034251
12/02/2023 20:38,175,236.5,23.7,0.000395,0.0034839
12/02/2023 20:37,282,237.4,55.2,0.00092,0.0081144
12/02/2023 20:16,163,236.9,22,0.000366667,0.003234
12/02/2023 20:01,162,237.8,18.9,0.000315,0.0027783
12/02/2023 19:54,225,236.9,29.1,0.000485,0.0042777
12/02/2023 19:48,205,236.5,24.2,0.000403333,0.0035574
12/02/2023 19:47,293,236.1,34.1,0.000568333,0.0050127
12/02/2023 19:45,304,236.5,49.6,0.000826667,0.0072912
12/02/2023 19:42,214,235.6,27.9,0.000465,0.0041013
12/02/2023 19:37,360,236.1,42.3,0.000705,0.0062181
12/02/2023 19:36,250,235.2,31.4,0.000523333,0.0046158
12/02/2023 19:32,226,234.8,27.9,0.000465,0.0041013
12/02/2023 19:31,192,235.2,23.9,0.000398333,0.0035133
12/02/2023 19:29,250,234.8,31.9,0.000531667,0.0046893
12/02/2023 19:28,145,235.6,23.6,0.000393333,0.0034692
12/02/2023 19:23,162,236.1,21.3,0.000355,0.0031311
12/02/2023 19:22,292,238.2,30.3,0.000505,0.0044541
12/02/2023 19:21,162,237.8,23,0.000383333,0.003381
12/02/2023 19:20,257,235.6,37.2,0.00062,0.0054684
12/02/2023 19:19,234,236.5,21.6,0.00036,0.0031752
12/02/2023 19:17,186,236.1,22.5,0.000375,0.0033075
12/02/2023 19:15,248,235.6,23.1,0.000385,0.0033957
12/02/2023 19:11,188,233.5,31.5,0.000525,0.0046305
12/02/2023 19:09,160,233.5,21.4,0.000356667,0.0031458
12/02/2023 19:06,218,234.4,28.9,0.000481667,0.0042483
12/02/2023 19:05,208,233.5,26.3,0.000438333,0.0038661
12/02/2023 18:54,232,236.1,24.7,0.000411667,0.0036309
12/02/2023 18:52,339,234.4,44.6,0.000743333,0.0065562
12/02/2023 18:48,211,233.9,26.3,0.000438333,0.0038661
12/02/2023 18:41,220,237.4,27.3,0.000455,0.0040131
12/02/2023 18:33,221,235.2,28.8,0.00048,0.0042336
12/02/2023 18:30,212,236.9,26.1,0.000435,0.0038367
12/02/2023 18:21,209,235.2,27.7,0.000461667,0.0040719
12/02/2023 18:14,205,237.8,29.7,0.000495,0.0043659
12/02/2023 18:13,243,236.5,27.8,0.000463333,0.0040866
12/02/2023 17:59,248,236.9,32.3,0.000538333,0.0047481
12/02/2023 17:48,245,239.1,29.8,0.000496667,0.0043806
12/02/2023 17:39,189,236.5,26,0.000433333,0.003822
12/02/2023 17:38,279,237.4,36.6,0.00061,0.0053802
12/02/2023 17:32,206,237.8,26.1,0.000435,0.0038367
12/02/2023 17:30,236,236.9,24.9,0.000415,0.0036603
12/02/2023 17:29,245,237.8,28.3,0.000471667,0.0041601
12/02/2023 17:28,350,238.7,50.3,0.000838333,0.0073941
12/02/2023 17:26,165,236.9,21.7,0.000361667,0.0031899
12/02/2023 17:15,170,233.9,18.8,0.000313333,0.0027636
12/02/2023 17:14,156,233.5,20.9,0.000348333,0.0030723
12/02/2023 17:13,221,233.5,24.4,0.000406667,0.0035868
12/02/2023 17:12,143,233.1,18.9,0.000315,0.0027783
12/02/2023 17:11,143,232.7,17,0.000283333,0.002499
12/02/2023 17:06,198,232.7,13.9,0.000231667,0.0020433
12/02/2023 17:00,247,234.8,32.2,0.000536667,0.0047334
12/02/2023 16:54,129,232.7,14,0.000233333,0.002058
12/02/2023 16:51,127,231.8,14.3,0.000238333,0.0021021
12/02/2023 16:50,130,232.2,13.6,0.000226667,0.0019992
12/02/2023 16:48,140,231,15.1,0.000251667,0.0022197
12/02/2023 16:47,164,230.6,22.8,0.00038,0.0033516
12/02/2023 16:40,252,229.3,29.5,0.000491667,0.0043365
12/02/2023 16:35,210,230.2,20.7,0.000345,0.0030429
12/02/2023 16:34,148,231,15.2,0.000253333,0.0022344
12/02/2023 16:32,126,229.3,14.2,0.000236667,0.0020874
12/02/2023 16:26,208,230.6,22.8,0.00038,0.0033516
12/02/2023 16:25,190,230.6,21.7,0.000361667,0.0031899
12/02/2023 16:24,127,230.2,14.4,0.00024,0.0021168
12/02/2023 16:20,151,231,28.1,0.000468333,0.0041307
12/02/2023 16:19,195,231.8,22,0.000366667,0.003234
12/02/2023 16:18,211,231,28.8,0.00048,0.0042336
12/02/2023 16:17,163,232.7,22.2,0.00037,0.0032634
12/02/2023 16:16,162,232.2,22.2,0.00037,0.0032634
12/02/2023 16:15,153,232.7,21.9,0.000365,0.0032193
12/02/2023 16:04,143,233.9,15.6,0.00026,0.0022932
12/02/2023 16:03,141,233.9,29.3,0.000488333,0.0043071
12/02/2023 16:02,222,234.4,14.3,0.000238333,0.0021021
12/02/2023 16:01,283,234.8,29.2,0.000486667,0.0042924
12/02/2023 16:00,127,233.1,16.4,0.000273333,0.0024108
12/02/2023 15:59,328,234.4,44.4,0.00074,0.0065268
12/02/2023 15:58,156,233.1,20.1,0.000335,0.0029547
12/02/2023 15:54,145,233.5,14.3,0.000238333,0.0021021
12/02/2023 15:48,214,235.2,28.3,0.000471667,0.0041601
12/02/2023 15:42,210,236.1,21,0.00035,0.003087
12/02/2023 15:40,211,235.6,29.7,0.000495,0.0043659
12/02/2023 15:39,193,235.6,21,0.00035,0.003087
12/02/2023 15:34,305,232.7,31.9,0.000531667,0.0046893
12/02/2023 15:33,215,233.9,30.6,0.00051,0.0044982
12/02/2023 15:32,221,234.4,33.9,0.000565,0.0049833
12/02/2023 15:14,178,234.8,26.8,0.000446667,0.0039396
12/02/2023 15:13,205,235.6,26.1,0.000435,0.0038367
12/02/2023 15:12,300,233.9,35.7,0.000595,0.0052479
12/02/2023 15:10,329,235.2,34.1,0.000568333,0.0050127
12/02/2023 15:09,205,234.8,24.5,0.000408333,0.0036015
12/02/2023 15:08,276,233.5,37.2,0.00062,0.0054684
12/02/2023 15:06,191,235.2,26.3,0.000438333,0.0038661
12/02/2023 15:02,265,233.9,33.2,0.000553333,0.0048804
12/02/2023 15:01,186,233.1,24.7,0.000411667,0.0036309
12/02/2023 15:00,178,234.4,13.9,0.000231667,0.0020433
12/02/2023 14:56,201,233.5,25.8,0.00043,0.0037926
12/02/2023 14:55,141,233.1,19.1,0.000318333,0.0028077
12/02/2023 14:54,179,233.5,19.1,0.000318333,0.0028077
12/02/2023 14:53,157,233.1,21.9,0.000365,0.0032193
12/02/2023 14:45,225,233.5,26.9,0.000448333,0.0039543
12/02/2023 14:35,323,233.9,39.4,0.000656667,0.0057918
12/02/2023 14:32,215,231.8,24.5,0.000408333,0.0036015
12/02/2023 14:29,187,233.9,23.4,0.00039,0.0034398
12/02/2023 14:28,190,233.5,14.4,0.00024,0.0021168
12/02/2023 14:26,201,233.1,25,0.000416667,0.003675
12/02/2023 14:17,269,232.2,37.5,0.000625,0.0055125
12/02/2023 14:09,211,233.1,29.6,0.000493333,0.0043512
12/02/2023 14:08,311,234.4,45,0.00075,0.006615
12/02/2023 14:02,297,232.7,41.9,0.000698333,0.0061593
12/02/2023 14:00,279,233.9,37,0.000616667,0.005439
12/02/2023 13:57,209,234.8,27.9,0.000465,0.0041013
12/02/2023 13:54,137,234.4,15.8,0.000263333,0.0023226
12/02/2023 13:53,324,233.5,41.3,0.000688333,0.0060711
12/02/2023 13:51,263,231.8,34.9,0.000581667,0.0051303
12/02/2023 13:49,212,230.6,24.4,0.000406667,0.0035868
12/02/2023 13:48,240,228.5,26.5,0.000441667,0.0038955
12/02/2023 13:47,125,230.6,17,0.000283333,0.002499
12/02/2023 13:46,147,230.6,18,0.0003,0.002646
12/02/2023 13:45,253,230.6,33.1,0.000551667,0.0048657
12/02/2023 13:43,168,231.8,14.3,0.000238333,0.0021021
12/02/2023 13:40,191,232.7,20,0.000333333,0.00294
12/02/2023 13:37,280,231.4,38.1,0.000635,0.0056007
12/02/2023 13:36,204,233.5,25.9,0.000431667,0.0038073
12/02/2023 13:31,191,231,26.4,0.00044,0.0038808
12/02/2023 13:28,185,231.8,24.8,0.000413333,0.0036456
12/02/2023 13:27,121,231.8,13.4,0.000223333,0.0019698
12/02/2023 13:25,158,229.3,14.9,0.000248333,0.0021903
12/02/2023 13:23,247,231.4,29.3,0.000488333,0.0043071
12/02/2023 13:21,192,231.8,25.8,0.00043,0.0037926
12/02/2023 13:18,180,231.4,24.4,0.000406667,0.0035868
12/02/2023 13:17,283,232.2,31.7,0.000528333,0.0046599
12/02/2023 13:08,202,232.7,26,0.000433333,0.003822
12/02/2023 13:05,200,232.2,25.1,0.000418333,0.0036897
12/02/2023 12:50,189,228.5,24.7,0.000411667,0.0036309
12/02/2023 12:49,181,227.7,24,0.0004,0.003528
12/02/2023 12:48,177,226.1,21.4,0.000356667,0.0031458
12/02/2023 12:46,240,225.7,28,0.000466667,0.004116
12/02/2023 12:39,255,228.5,22.5,0.000375,0.0033075
12/02/2023 12:38,350,227.7,45.1,0.000751667,0.0066297
12/02/2023 12:34,179,228.9,20.7,0.000345,0.0030429
12/02/2023 12:33,245,227.3,41.1,0.000685,0.0060417
12/02/2023 12:32,157,226.1,22.1,0.000368333,0.0032487
12/02/2023 12:31,223,229.3,20,0.000333333,0.00294
12/02/2023 12:30,246,226.9,20.5,0.000341667,0.0030135
12/02/2023 12:29,241,227.3,28,0.000466667,0.004116
12/02/2023 12:28,149,226.9,18.1,0.000301667,0.0026607
12/02/2023 12:27,160,229.3,19.5,0.000325,0.0028665
12/02/2023 12:25,189,227.7,32.2,0.000536667,0.0047334
12/02/2023 12:22,160,226.9,24.2,0.000403333,0.0035574
12/02/2023 12:18,178,228.5,24.5,0.000408333,0.0036015
12/02/2023 12:17,291,228.9,45,0.00075,0.006615
12/02/2023 12:12,126,226.1,14,0.000233333,0.002058
12/02/2023 12:11,124,228.1,15.8,0.000263333,0.0023226
12/02/2023 12:10,165,225.7,21,0.00035,0.003087
12/02/2023 12:07,236,226.1,22.6,0.000376667,0.0033222
12/02/2023 11:59,133,227.7,16.8,0.00028,0.0024696
12/02/2023 11:56,117,229.8,14.2,0.000236667,0.0020874
12/02/2023 11:55,139,228.9,16.7,0.000278333,0.0024549
12/02/2023 11:54,132,230.2,14.4,0.00024,0.0021168
12/02/2023 11:52,160,229.3,16.4,0.000273333,0.0024108
12/02/2023 11:49,165,226.9,21,0.00035,0.003087
12/02/2023 11:44,151,228.5,18.7,0.000311667,0.0027489
12/02/2023 11:40,140,230.2,17.2,0.000286667,0.0025284
12/02/2023 11:38,131,229.8,14.4,0.00024,0.0021168
12/02/2023 11:37,145,229.3,16.4,0.000273333,0.0024108
12/02/2023 11:36,179,230.2,24,0.0004,0.003528
12/02/2023 11:35,130,232.2,14.2,0.000236667,0.0020874
12/02/2023 11:34,149,231,18,0.0003,0.002646
12/02/2023 11:33,141,231.4,14.3,0.000238333,0.0021021
12/02/2023 11:28,177,231,20.4,0.00034,0.0029988
12/02/2023 11:27,180,230.6,22.9,0.000381667,0.0033663
12/02/2023 11:24,202,232.7,21.8,0.000363333,0.0032046
12/02/2023 11:23,154,231.4,17.4,0.00029,0.0025578
12/02/2023 11:22,187,230.6,20.8,0.000346667,0.0030576
12/02/2023 11:21,174,229.3,19.7,0.000328333,0.0028959
12/02/2023 11:20,150,231,16.8,0.00028,0.0024696
12/02/2023 11:19,283,231.4,52.5,0.000875,0.0077175
12/02/2023 11:14,140,230.6,16,0.000266667,0.002352
12/02/2023 11:11,232,230.2,32.8,0.000546667,0.0048216
12/02/2023 11:07,145,233.1,18,0.0003,0.002646
12/02/2023 11:05,140,231.8,15,0.00025,0.002205
12/02/2023 11:04,141,232.2,15.3,0.000255,0.0022491
12/02/2023 11:03,259,231.4,38,0.000633333,0.005586
12/02/2023 11:02,175,231.8,17.3,0.000288333,0.0025431
12/02/2023 10:57,140,233.9,14.7,0.000245,0.0021609
12/02/2023 10:56,281,232.7,42.7,0.000711667,0.0062769
12/02/2023 10:55,213,231,28.7,0.000478333,0.0042189
12/02/2023 10:53,242,233.1,25.2,0.00042,0.0037044
12/02/2023 10:50,133,232.7,14.6,0.000243333,0.0021462
12/02/2023 10:49,199,231.4,23.4,0.00039,0.0034398
12/02/2023 10:46,135,231.8,14.7,0.000245,0.0021609
12/02/2023 10:40,223,231,26,0.000433333,0.003822
12/02/2023 10:34,173,231.4,20,0.000333333,0.00294
12/02/2023 10:32,182,231.4,20.9,0.000348333,0.0030723
12/02/2023 10:31,258,230.2,29.1,0.000485,0.0042777
12/02/2023 10:21,206,231.8,23.6,0.000393333,0.0034692
12/02/2023 10:18,165,233.1,17.5,0.000291667,0.0025725
12/02/2023 10:15,159,233.9,17.4,0.00029,0.0025578
12/02/2023 10:09,265,233.5,32.2,0.000536667,0.0047334
12/02/2023 10:06,177,232.7,24.1,0.000401667,0.0035427
12/02/2023 10:05,150,233.5,14,0.000233333,0.002058
12/02/2023 9:50,345,233.9,44.9,0.000748333,0.0066003
12/02/2023 9:49,275,234.4,33.2,0.000553333,0.0048804
12/02/2023 9:43,173,234.8,23.5,0.000391667,0.0034545
12/02/2023 9:41,214,234.4,25.2,0.00042,0.0037044
12/02/2023 9:38,291,232.7,34.9,0.000581667,0.0051303
12/02/2023 9:37,217,233.5,24.6,0.00041,0.0036162
12/02/2023 9:36,234,231,44.2,0.000736667,0.0064974
12/02/2023 9:35,265,230.2,34.6,0.000576667,0.0050862
12/02/2023 9:34,308,231,26.9,0.000448333,0.0039543
12/02/2023 9:33,238,234.4,28.9,0.000481667,0.0042483
12/02/2023 9:32,144,233.9,16,0.000266667,0.002352
12/02/2023 9:31,328,233.5,33.6,0.00056,0.0049392
12/02/2023 9:29,147,233.5,16.3,0.000271667,0.0023961
12/02/2023 9:28,140,233.5,16.2,0.00027,0.0023814
12/02/2023 9:22,234,234.8,27.9,0.000465,0.0041013
12/02/2023 9:16,258,235.2,29.6,0.000493333,0.0043512
12/02/2023 9:14,237,235.6,27.4,0.000456667,0.0040278
12/02/2023 9:13,144,236.9,15.1,0.000251667,0.0022197
12/02/2023 9:12,149,236.9,19.4,0.000323333,0.0028518
12/02/2023 9:11,146,239.6,17,0.000283333,0.002499
12/02/2023 9:10,140,238.7,15.8,0.000263333,0.0023226
12/02/2023 9:08,243,235.6,30.5,0.000508333,0.0044835
12/02/2023 9:07,270,236.9,26.6,0.000443333,0.0039102
12/02/2023 9:04,210,238.2,23.8,0.000396667,0.0034986
12/02/2023 9:03,157,236.9,19,0.000316667,0.002793
12/02/2023 9:02,238,237.8,25.7,0.000428333,0.0037779
12/02/2023 9:00,206,238.2,25.1,0.000418333,0.0036897
12/02/2023 8:59,142,240,19.6,0.000326667,0.0028812
12/02/2023 8:58,145,238.2,16.4,0.000273333,0.0024108
12/02/2023 8:52,240,237.4,33.8,0.000563333,0.0049686
12/02/2023 8:50,191,236.9,24,0.0004,0.003528
12/02/2023 8:44,244,235.6,31.5,0.000525,0.0046305
12/02/2023 8:43,264,234.8,39.5,0.000658333,0.0058065
12/02/2023 8:41,141,233.1,18.8,0.000313333,0.0027636
12/02/2023 8:39,165,235.6,20.4,0.00034,0.0029988
12/02/2023 8:38,146,236.5,18,0.0003,0.002646
12/02/2023 8:37,188,236.1,27.7,0.000461667,0.0040719
12/02/2023 8:36,169,237.4,24,0.0004,0.003528
12/02/2023 8:33,192,233.5,28.1,0.000468333,0.0041307
12/02/2023 8:31,167,233.9,19.9,0.000331667,0.0029253
12/02/2023 8:30,467,234.8,62.4,0.00104,0.0091728
12/02/2023 8:30,467,234.8,62.4,0.00104,0.0091728
